Company,Rating,Reviews,Salaries,Interviews,Jobs,Benefits
TCS,3.3,(1.2L),10.3L,11.4k,4.5k,11k
Accenture,3.7,(75k),7.1L,9.5k,21.9k,6.9k
Wipro,3.6,(66.3k),4.9L,6.9k,4.2k,4.9k
Cognizant,3.7,(62.6k),6.1L,6.5k,909,5.6k
Capgemini,3.6,(54.6k),4.9L,5.6k,1.9k,3.9k
HDFC Bank,3.8,(53.7k),1.5L,3.1k,255,3.5k
Infosys,3.5,(49.8k),5.3L,8.5k,3.1k,4.9k
HCLTech,3.4,(46.9k),3.9L,4.6k,232,3.9k
ICICI Bank,3.9,(46.7k),1.6L,3k,11,3.8k
Tech Mahindra,3.3,(44.2k),2.9L,4.7k,690,3.5k
Genpact,3.6,(43.3k),2.4L,4k,620,3.7k
TP,3.9,(39.6k),1L,2.3k,1.8k,2k
Axis Bank,3.6,(34k),1L,2k,208,2.3k
Jio,4.4,(34k),62.1k,4.5k,--,2.7k
Concentrix Corporation,3.5,(32.9k),1.3L,2k,18,3.2k
Amazon,3.9,(32.3k),1.6L,6.1k,73,3.5k
Reliance Retail,3.9,(27.8k),74.8k,2k,96,1.9k
iEnergizer,4.6,(27.4k),25k,1.6k,72,650
LTIMindtree,3.6,(27k),2L,3.5k,535,853
HDB Financial Services,3.9,(26.2k),49.8k,1.1k,4,1.5k
IBM,3.9,(26.2k),2.2L,2.7k,1.7k,2.6k
Larsen & Toubro Limited,3.9,(24.4k),77.1k,1.9k,232,2.6k
Deloitte,3.6,(23.9k),2.8L,3.4k,362,2.5k
Kotak Mahindra Bank,3.6,(23k),88.6k,1.4k,167,1.4k
Reliance Industries,4.0,(20.6k),74.9k,1.6k,100,1.9k
Vodafone Idea,3.9,(17.8k),48.8k,706,95,2.1k
Bharti Airtel,3.8,(17.4k),50.5k,1.1k,192,1.7k
BYJU'S,3.2,(16.4k),49.5k,2.1k,5,1.7k
WNS,3.3,(15.6k),71.7k,1.3k,64,1.4k
IDFC FIRST Bank,4.0,(15.3k),49.9k,1k,58,805
Ernst & Young,3.4,(15k),1.5L,1.4k,2.5k,1.1k
IndusInd Bank,3.4,(14.6k),53k,787,168,861
AU Small Finance Bank,3.8,(14.5k),30.2k,721,207,637
Tata Motors,4.1,(14.4k),43.5k,1.3k,205,1.7k
Bajaj Finserv,3.9,(13.5k),32.1k,802,7,773
Muthoot FinCorp,4.5,(13.3k),9.9k,2.4k,52,302
Flipkart,3.9,(13.3k),57.1k,1.8k,142,1.4k
PwC,3.3,(13k),1.3L,1.6k,1.1k,874
HDFC Life,3.8,(12.4k),34k,833,120,665
Mahindra & Mahindra,4.0,(12.3k),41.3k,902,1,1.2k
Infosys BPM,3.5,(12.3k),77.9k,1.1k,95,1.2k
DXC Technology,3.6,(12.2k),75k,909,163,1.1k
Bandhan Bank,3.6,(11.5k),27.7k,782,--,580
Digitide Solutions,3.5,(10.5k),27.4k,592,366,801
Yes Bank,3.7,(10.5k),43.7k,575,208,663
Mphasis,3.3,(10.4k),75.5k,950,78,884
Tata Steel,4.0,(10.1k),34.9k,1.1k,--,706
Quess,3.8,(10k),32k,553,60,477
Asian Paints,3.9,(9.8k),26.6k,894,116,951
UltraTech Cement,4.1,(9.7k),25.3k,835,71,678
Startek,3.0,(9.7k),25k,665,240,720
Maruti Suzuki,4.1,(9.7k),29.4k,821,172,1k
Paytm,3.2,(9.5k),34.7k,918,981,621
Bajaj Finance,3.9,(9.5k),23.7k,464,8.2k,551
Shriram Finance,3.9,(9.3k),15.6k,472,10,75
Sutherland Global Services,3.3,(9.3k),36.4k,825,271,945
Coforge,3.3,(9k),67.6k,974,330,428
Equitas Small Finance Bank,4.3,(9k),13.9k,1k,52,447
Wells Fargo,3.6,(8.9k),65k,709,163,893
Cipla,4.1,(8.8k),26.8k,615,46,900
EXL Service,3.6,(8.8k),45.7k,936,97,828
Ericsson,3.9,(8.5k),42.6k,479,53,1k
Samsung,3.9,(8.4k),26.6k,640,61,547
Dr. Reddy's,4.0,(8.4k),26k,535,60,764
Optum Global Solutions,4.0,(8.2k),52.1k,793,195,722
JSW Steel,3.9,(8.1k),32.5k,873,117,650
Delhivery,3.8,(8k),22.7k,628,502,684
JPMorgan Chase & Co.,3.8,(8k),93.6k,894,397,877
ICICI Prudential Life Insurance,3.9,(7.9k),23.4k,494,438,657
Hexaware Technologies,3.4,(7.9k),56.5k,848,1.6k,584
Ujjivan Small Finance Bank,4.0,(7.8k),13.8k,341,219,613
Jana Small Finance Bank,3.7,(7.8k),14.6k,314,205,653
Sun Pharmaceutical Industries,4.0,(7.8k),23.6k,709,444,630
Zydus Lifesciences,4.0,(7.7k),20.6k,538,33,675
Ekart Logistics,3.9,(7.7k),17.1k,420,2,448
HGS,3.7,(7.6k),20.3k,279,30,982
Amazon Development Centre India,3.8,(7.5k),40.2k,909,14,619
KPMG India,3.4,(7.5k),70.8k,958,118,769
Lupin,4.1,(7.5k),22.3k,458,61,792
Axis Max Life Insurance,4.0,(7.4k),20.2k,430,2.1k,549
L&T Construction,4.0,(7.3k),19.2k,960,--,946
ITC,3.8,(7.3k),25.7k,714,82,670
Hindustan Unilever,4.2,(7.3k),20.7k,481,20,730
Megha Engineering & Infrastructures,3.9,(7.1k),19.4k,594,33,567
Tata Projects,4.2,(7k),22.8k,638,55,581
Cholamandalam Investment & Finance,3.8,(6.8k),13.4k,308,57,333
Bajaj Life Insurance,3.8,(6.8k),18.2k,456,87,508
L&T Technology Services,3.1,(6.8k),45.2k,657,--,521
FIS,3.7,(6.7k),39k,549,97,740
Oracle,3.3,(6.6k),65.8k,968,259,646
Omega Healthcare,3.7,(6.6k),28.4k,571,244,421
JLL,4.1,(6.6k),25.8k,508,442,576
Muthoot Finance,3.7,(6.5k),13.3k,373,185,356
IIFL Finance,4.0,(6.5k),14k,340,52,422
eClerx,3.1,(6.5k),33.7k,656,442,581
Indian Army,4.7,(6.4k),9.4k,214,--,771
DMart,3.9,(6.3k),19.9k,574,265,511
PolicyBazaar,3.7,(6.3k),18.7k,661,1.3k,273
Piramal Finance,4.2,(6.3k),12.9k,306,256,466
Indiamart Intermesh,3.5,(6.2k),21.6k,807,232,513
Virtusa Consulting Services,3.7,(6.2k),58.1k,694,196,334
HSBC Group,3.8,(6.2k),45.7k,565,123,1.2k
SMFG India Credit,3.9,(6.1k),11.6k,217,129,373
HCL Group,3.5,(6.1k),38.8k,526,--,671
Access Healthcare,3.7,(6.1k),29.5k,419,645,386
BigBasket,3.9,(6k),20.2k,506,74,400
Manappuram Finance,3.9,(5.9k),9.6k,238,23,286
ICICI Lombard General Insurance Company,3.5,(5.9k),20.6k,375,259,402
Siemens,3.9,(5.9k),35k,525,306,658
GlobalLogic,3.5,(5.9k),42.4k,699,74,545
Firstsource Solutions,3.5,(5.9k),25.3k,374,118,594
Apollo Hospitals,4.0,(5.9k),17.1k,507,419,554
Aurobindo Pharma,4.0,(5.9k),20.4k,301,29,488
Shapoorji Pallonji Group,4.1,(5.8k),15.5k,453,64,665
Tata Capital,4.0,(5.8k),16.5k,291,4.9k,281
UST,3.7,(5.8k),41.5k,613,633,423
Standard Chartered,3.6,(5.8k),42.6k,333,3,321
Swiggy,3.7,(5.8k),24.9k,602,185,379
Mahindra Finance,3.8,(5.8k),12.3k,229,90,540
Bosch Global Software Technologies,3.7,(5.7k),41.3k,397,50,642
Udaan,3.9,(5.7k),15.2k,376,--,765
Citicorp,3.6,(5.7k),55.2k,647,--,537
Ashok Leyland,4.0,(5.7k),19k,335,2,664
Hero MotoCorp,4.1,(5.6k),16.6k,432,5,621
CGI Inc,4.0,(5.5k),48k,575,645,363
SBI Cards & Payment Services,3.6,(5.4k),16.2k,328,84,372
NTT DATA,3.8,(5.4k),39.2k,779,24,556
Kalpataru Projects International,4.1,(5.4k),14.2k,347,--,231
Cyient,3.6,(5.4k),28k,340,153,484
BNY,3.6,(5.4k),32.5k,408,52,553
Nagarjuna Construction Company,4.0,(5.4k),12.7k,466,17,438
IQVIA,3.7,(5.4k),32.5k,578,35,546
Schneider Electric,4.1,(5.3k),26.4k,472,448,464
SBI Life Insurance Company,3.7,(5.3k),12.3k,327,11,355
CBRE,4.1,(5.2k),19.5k,364,96,483
JustDial,3.5,(5.2k),15.7k,401,40,380
TVS Motor,3.8,(5.2k),16.6k,430,132,563
State Bank of India,3.9,(5.2k),11.8k,346,8,434
Persistent Systems,3.5,(5.2k),47.7k,726,359,384
KEC International,4.0,(5.1k),13.8k,439,26,474
ITC Infotech,3.8,(5k),30.5k,429,68,293
Atos,3.8,(5k),33.6k,419,97,470
Amdocs,3.6,(5k),37.8k,567,2,627
vivo,4.0,(5k),13.1k,249,15,654
Varun Beverages,4.0,(4.9k),12.2k,362,36,341
JBM Group,3.9,(4.9k),14.2k,367,75,365
Utkarsh Small Finance Bank,3.6,(4.9k),11.8k,334,65,305
Ecom Express,4.1,(4.9k),9.3k,268,--,334
Nagarro,3.9,(4.8k),34.1k,844,307,1.2k
Randstad,3.7,(4.8k),17.6k,345,133,362
Eviden,3.6,(4.8k),26.4k,316,--,4
EY Global Delivery Services ( EY GDS),3.5,(4.8k),54.3k,920,14,361
Bosch,4.1,(4.8k),21.4k,391,--,620
Intas Pharmaceuticals,4.1,(4.7k),18k,273,51,400
Hetero,3.9,(4.7k),15.5k,428,105,390
Havells,3.9,(4.7k),16k,309,15,342
L&T Finance,3.9,(4.7k),12.3k,236,--,270
Aditya Birla Fashion and Retail,4.0,(4.7k),13.4k,276,64,401
Hewlett Packard Enterprise,4.0,(4.7k),27.8k,271,245,560
Tata AIA Life Insurance,3.8,(4.7k),14.7k,268,797,321
R1 RCM,3.8,(4.7k),22.5k,371,166,352
Cars24,3.4,(4.7k),16k,416,139,425
Mahindra Logistics,3.7,(4.6k),12.9k,254,182,462
Lenskart,3.3,(4.6k),13.7k,492,238,238
Dell,3.8,(4.6k),29.3k,440,30,553
Berger Paints,3.7,(4.6k),10.8k,456,232,288
Home Credit Finance,4.0,(4.6k),9.2k,153,89,642
Deutsche Bank,3.8,(4.6k),38.7k,437,271,425
Motilal Oswal Financial Services,3.7,(4.5k),13.7k,562,62,185
OPPO,3.8,(4.5k),11.8k,262,6,614
Hyundai Motor India Limited,4.1,(4.5k),14.6k,334,5,542
TeamLease Services,3.9,(4.5k),16.6k,262,--,237
VE Commercial Vehicles,3.9,(4.5k),14.5k,302,23,366
Thermax Limited,4.2,(4.4k),13.5k,360,45,398
Jubilant Foods Works,3.7,(4.4k),9.9k,264,339,208
Carelon Global Solutions,3.9,(4.3k),29.3k,432,136,28
Macleods Pharmaceuticals,3.7,(4.3k),16k,279,39,349
Aakash Educational Services,3.2,(4.3k),14.1k,384,105,218
Jindal Steel Limited,3.9,(4.3k),16.3k,444,46,353
State Street Corporation,3.5,(4.3k),34.5k,303,11,278
Bajaj Auto,3.8,(4.3k),15k,338,40,506
Hindalco Industries,4.2,(4.2k),13.4k,323,14,351
LG Electronics,3.8,(4.2k),11.4k,272,14,416
Kogta Financial India Limited,4.6,(4.2k),2k,252,94,36
HDFC ERGO General Insurance,4.0,(4.2k),12.3k,211,2,288
DCB Bank,3.8,(4.1k),10.1k,237,21,275
Royal Enfield,4.2,(4.1k),15.2k,210,3,407
John Deere,4.0,(4.1k),15.8k,274,4,445
RBL Bank,3.5,(4.1k),18.8k,253,84,236
Tata Communications,3.8,(4.1k),23.7k,311,149,440
Publicis Sapient,3.2,(4.1k),33.4k,714,265,415
Cummins,4.3,(4.1k),15.8k,298,160,470
Cloudnine Hospital,4.5,(4k),3.1k,1.6k,27,179
Alembic Pharmaceuticals,3.9,(4k),15.7k,271,62,394
Pidilite Industries,4.2,(4k),12.3k,277,11,376
Bank of America,4.1,(4k),30.5k,298,1,425
Grasim Industries,4.0,(4k),13.5k,298,4,292
Aditya Birla Sun Life Insurance,4.0,(4k),10.6k,191,--,226
Oyo Rooms,3.0,(4k),13.6k,262,154,405
PNB MetLife,3.3,(4k),8.3k,201,12,239
PNB MetLife,3.3,(4k),8.3k,201,11,239
Kyndryl,3.9,(4k),28.3k,239,561,175
Aditya Birla Capital,3.8,(3.9k),14.7k,273,--,235
KPIT Technologies,2.8,(3.9k),24.4k,353,30,298
Subros,3.7,(3.9k),12.8k,228,2,398
ADP Private Limited,3.9,(3.9k),22.6k,302,43,473
Escorts Kubota Limited,4.1,(3.9k),14k,312,2,277
Viatris,4.1,(3.9k),14.5k,174,14,517
Maersk,3.9,(3.9k),19.9k,257,49,434
XpressBees,4.1,(3.9k),8.3k,448,7,180
JK Cement,4.0,(3.9k),10.3k,358,1,283
PVR INOX,3.9,(3.9k),9.6k,226,39,260
Altruist Technologies,4.4,(3.9k),8.4k,725,5,88
Birlasoft,3.4,(3.8k),29.7k,320,526,253
Synechron,3.4,(3.8k),29.4k,413,196,257
PhonePe,4.0,(3.8k),14.2k,450,98,210
Reliance Communications,3.9,(3.8k),9.3k,109,--,387
Blinkit,3.8,(3.8k),14.7k,396,--,244
Glenmark Pharmaceuticals,3.8,(3.8k),12.4k,192,246,335
Kotak Mahindra Life Insurance Company,3.5,(3.8k),12.7k,266,340,276
Bharat Electronics,4.2,(3.8k),12.9k,257,1,324
Dabur,3.8,(3.8k),9.3k,349,43,296
Sodexo,4.0,(3.8k),10.2k,218,379,382
Cogent E Services,3.1,(3.7k),10.5k,300,3,233
Godrej & Boyce Manufacturing,3.8,(3.7k),15.3k,246,51,421
UNO Minda,3.9,(3.7k),11.8k,274,86,316
ArcelorMittal Nippon Steel India,4.1,(3.7k),13.1k,286,10,133
Ipca Laboratories,3.8,(3.7k),11.6k,222,27,261
Abbott,4.1,(3.7k),12.1k,191,172,373
Aarti Industries,4.1,(3.7k),14.6k,338,77,366
Samvardhana Motherson Group,3.7,(3.7k),12k,263,21,415
Reliance Projects & Property Management Services,4.0,(3.6k),7.7k,218,--,35
Reliance Digital,4.1,(3.6k),8.4k,180,2,258
IGT Solutions,3.2,(3.6k),13.8k,259,137,231
MRF Tyres,3.6,(3.6k),13.1k,391,84,356
Indian Oil Corporation,4.4,(3.6k),8k,247,--,307
"NTT DATA, Inc.",3.9,(3.6k),21.1k,160,196,263
Alkem Laboratories,3.9,(3.6k),10.2k,206,31,346
Johnson Controls,3.5,(3.6k),18k,311,12,274
Honda Motorcycle & Scooter,4.1,(3.5k),11.3k,214,--,358
[24]7.ai,3.4,(3.5k),11.6k,199,66,418
Vishal Mega Mart,3.7,(3.5k),6.3k,223,9,288
Barclays,3.7,(3.5k),34.7k,327,--,270
Hindustan Coca Cola Beverages,4.0,(3.5k),8k,196,31,396
DTDC Express,3.7,(3.5k),9k,205,64,282
Bajaj General Insurance Limited,3.6,(3.5k),11k,147,266,251
RSPL Group,4.0,(3.5k),9.9k,269,57,319
UBS,3.8,(3.5k),32.6k,381,--,126
IndusInd Nippon Life Insurance,3.3,(3.5k),7.9k,174,10,239
TVS Credit Services Ltd,4.1,(3.5k),7.5k,169,43,213
ABB,4.0,(3.5k),19k,310,699,366
AGS Health,3.9,(3.5k),15.1k,224,47,292
Ceat Tyres,3.9,(3.4k),13.1k,217,48,358
NatWest Group,3.9,(3.4k),22k,242,23,378
Ford Motor,4.2,(3.4k),15.6k,179,6,409
HARMAN,3.8,(3.4k),24.2k,299,174,113
InterGlobe Aviation,3.4,(3.4k),13.9k,384,30,334
Alstom Transportation,3.7,(3.4k),16k,290,179,188
Croma,3.8,(3.4k),9.8k,197,39,204
Niva Bupa Health Insurance Company,4.0,(3.4k),8.9k,389,164,140
Conduent,3.4,(3.4k),17.3k,247,492,381
Sagility,3.9,(3.3k),13.4k,265,76,82
Tata AIG,4.0,(3.3k),12k,201,73,258
Tata Technologies,3.4,(3.3k),23.6k,317,232,319
Indian Air Force,4.6,(3.3k),5.3k,87,2,368
GeBBS Healthcare Solutions,3.8,(3.3k),11.6k,190,69,303
Canara HSBC Life Insurance,4.1,(3.3k),6.3k,580,7,190
Tata AutoComp Systems,3.7,(3.3k),11.6k,223,87,191
Jindal Stainless,4.1,(3.3k),12k,338,136,217
UPL,4.1,(3.3k),11.3k,228,54,308
PepsiCo,4.0,(3.3k),14.4k,256,267,262
Max Healthcare,4.0,(3.2k),10.8k,202,124,296
Ambuja Cements,3.9,(3.2k),8.8k,259,28,322
Mankind Pharma,3.8,(3.2k),9.9k,270,10,268
Titan Company,4.2,(3.2k),10.1k,213,113,350
Allcargo Logistics,3.8,(3.2k),6.8k,143,10,348
Amazon Transportation Services,4.2,(3.2k),8.8k,264,--,257
Dilip Buildcon,3.9,(3.2k),8.1k,196,11,305
S&P Global,3.9,(3.2k),21.2k,339,79,227
Societe Generale Global Solution Centre,3.6,(3.2k),23.7k,307,43,305
MSN Laboratories,3.6,(3.2k),10k,183,24,169
Varroc Group,3.6,(3.2k),9.8k,228,31,244
Walmart,3.4,(3.2k),24.9k,450,171,335
Quest Global,3.5,(3.2k),22.5k,374,256,209
Tata Electronics,3.8,(3.2k),13.3k,297,86,100
ESAF Small Finance Bank,3.6,(3.2k),7.7k,183,62,116
Afcons Infrastructure,4.2,(3.2k),8.8k,282,42,330
Ola Electric Mobility,3.3,(3.2k),9.8k,315,--,91
IDFC FIRST Bharat,4.1,(3.1k),5.2k,167,2,91
Marpu Foundation,4.9,(3.1k),61,266,--,8
Torrent Pharmaceuticals,4.0,(3.1k),10.4k,176,32,321
DS Group,4.0,(3.1k),7.7k,238,32,232
Zepto,3.6,(3.1k),11k,490,49,62
Bharat Financial Inclusion,3.7,(3.1k),5.6k,130,4,191
Tata Elxsi,3.4,(3.1k),24.6k,349,57,216
Square Yards,3.5,(3.1k),9.6k,237,82,241
HDFC Sales,3.9,(3.1k),8.3k,199,46,200
Suzlon Group,4.0,(3.1k),8k,187,41,338
Zensar Technologies,3.6,(3k),25.8k,286,507,250
Indus Towers,3.6,(3k),9.4k,238,54,212
Eternal Limited,3.6,(3k),15.4k,369,16,232
Fujitsu,3.8,(3k),18k,214,106,201
Future Group,4.2,(3k),6.2k,85,--,423
CMS IT Services,3.1,(3k),9.2k,161,56,198
I Process Services,3.8,(3k),5.5k,141,5,132
VVDN Technologies,3.6,(3k),14.2k,268,13,144
ACC,3.9,(3k),9.1k,239,13,278
IKS Health,3.5,(3k),11.7k,277,12,244
Yazaki,3.9,(3k),9.3k,198,33,273
Shree Cement,3.8,(3k),10.1k,242,11,235
Nokia,4.0,(3k),17.4k,334,9,558
Shoppers Stop,3.9,(3k),7k,152,33,328
Apollo Tyres,4.0,(2.9k),10.1k,156,19,333
Fiserv,2.7,(2.9k),17.7k,203,15,328
Britannia,4.0,(2.9k),8.6k,249,21,261
Physicswallah,3.6,(2.9k),9.6k,310,491,66
Landmark Group,3.8,(2.9k),9.7k,180,6,278
Exl India,3.5,(2.9k),18.6k,137,2,183
Dalmia Bharat Cement,3.9,(2.8k),5.8k,209,1,256
SRF,4.1,(2.8k),9.4k,213,17,259
Kansai Nerolac Paints,3.8,(2.8k),8.1k,199,68,201
ZS,3.0,(2.8k),22.2k,538,93,278
Blue Dart Express Ltd,3.9,(2.8k),7.1k,139,8,250
Nestlé,3.8,(2.8k),10.3k,291,21,326
Foxconn,3.8,(2.8k),12.2k,251,5,136
Star Health & Allied Insurance,3.5,(2.8k),10.7k,162,43,175
Exide Industries,3.4,(2.8k),8.7k,223,26,252
UnitedHealth,4.0,(2.8k),13.4k,84,--,432
Shell,3.9,(2.8k),14.4k,241,40,263
Micro Labs,3.6,(2.7k),10k,158,11,214
TVS Supply Chain Solutions,3.8,(2.7k),8.6k,170,13,200
KPMG Global Services,3.4,(2.7k),24.6k,274,41,11
Flex,3.9,(2.7k),15.4k,217,50,443
ElasticRun,3.6,(2.7k),6.7k,280,6,230
KFintech,3.3,(2.7k),11.3k,181,16,57
Gallagher,3.6,(2.7k),15k,284,194,136
Care Health Insurance,3.5,(2.7k),8.9k,168,50,177
Blue Star,4.0,(2.7k),10.1k,204,368,259
Ajanta Pharma,3.9,(2.7k),9.1k,172,26,229
Capita,3.5,(2.7k),12.5k,169,48,332
Movate,3.1,(2.7k),15.4k,298,140,12
G4S,4.0,(2.7k),5.2k,137,900,255
Tata Advanced Systems,3.7,(2.7k),13.3k,195,14,151
Sonalika Tractors,3.5,(2.7k),9.1k,178,1,188
Voltas,4.0,(2.7k),8.7k,178,36,265
Photon Interactive,4.1,(2.7k),7.8k,141,834,124
Whitehat jr,3.3,(2.7k),8.8k,266,--,944
ACT Fibernet,3.8,(2.7k),8k,168,194,272
Adani Power,3.7,(2.7k),10.1k,333,--,181
DBS Bank,3.7,(2.7k),13.4k,205,388,202
BlackBuck,3.7,(2.7k),6.5k,219,25,249
NoBroker,3.0,(2.7k),11.1k,291,374,365
Foundever,3.3,(2.6k),9.4k,192,71,211
Himalaya Wellness,3.9,(2.6k),6.2k,156,168,269
IntouchCX,2.7,(2.6k),10.7k,244,98,162
Laurus Labs,4.3,(2.6k),7.5k,163,12,222
Domino's Pizza,3.9,(2.6k),4.4k,146,--,409
Fortis Healthcare,4.0,(2.6k),7.8k,197,1.2k,149
BT Group,3.8,(2.6k),12.1k,233,16,283
V-Mart,4.0,(2.6k),4.4k,200,25,226
JCB,3.8,(2.6k),10k,175,--,246
Sahrudaya Healthcare (Medicover Hospitals),4.3,(2.6k),3.7k,147,34,1
Alldigi Tech,3.8,(2.6k),7.6k,239,13,119
GAO Tek,4.4,(2.6k),264,715,--,103
Northern Trust Operating Services,3.6,(2.6k),17.9k,244,101,232
Sterlite Technologies,3.8,(2.6k),10k,188,132,217
Adani Group,3.8,(2.5k),11.7k,319,702,120
CorroHealth Infotech,3.6,(2.5k),8.1k,289,60,19
Tractors and Farm Equipment,3.9,(2.5k),8.5k,138,17,289
Bajaj Electricals,3.9,(2.5k),7.2k,157,24,298
Parle Agro,3.9,(2.5k),6.9k,154,1,225
ICICI Securities,3.9,(2.5k),9.9k,200,60,201
Sammaan Capital Limited,3.7,(2.5k),5.8k,115,19,123
Emcure Pharmaceuticals,3.6,(2.5k),8.8k,133,66,251
Biocon Limited,4.0,(2.5k),11.6k,190,15,10
TaskUs,2.9,(2.5k),10.3k,235,194,136
Planet Spark,3.8,(2.5k),3.8k,605,65,205
Hero FinCorp,3.9,(2.5k),5.9k,125,57,134
Mahindra Holidays & Resorts,3.5,(2.5k),6.1k,136,72,208
Cadila Pharmaceuticals,3.2,(2.5k),8.2k,170,167,185
Intellect Design Arena,3.5,(2.5k),14.2k,183,26,119
Mahindra Rural Housing Finance,4.0,(2.5k),4.9k,108,7,188
Datamatics Global Services,3.4,(2.5k),11.7k,184,114,188
McDonald's,3.8,(2.5k),5k,162,1,413
Syngene International,3.7,(2.5k),12.8k,192,4,226
Paras Hospital,4.1,(2.5k),3.3k,106,82,133
Patanjali Ayurved,4.0,(2.4k),6k,140,--,253
Newgen Software Technologies,4.1,(2.4k),11.7k,209,28,152
Aditya Birla Group,4.1,(2.4k),10.2k,249,7,263
Bureau Veritas,3.8,(2.4k),8.5k,149,58,196
Team Computers,3.7,(2.4k),8.9k,222,205,156
RMSI,3.5,(2.4k),9.2k,199,13,194
3i Infotech,3.5,(2.4k),10.7k,172,105,159
Cholamandalam MS General Insurance,3.7,(2.4k),6k,118,--,174
Info Edge,3.8,(2.4k),11.5k,387,375,310
Taj Hotels Resorts and Palaces,4.2,(2.4k),5k,165,--,182
Statestreet HCL Services,3.4,(2.4k),12.5k,221,--,203
Aavas Financiers,3.9,(2.4k),5.7k,128,55,147
Delhi Public School,3.7,(2.4k),5.2k,164,113,265
Capgemini Engineering,3.3,(2.4k),13.1k,407,--,143
Axis Direct,3.6,(2.4k),4.8k,90,43,229
Lodha,4.2,(2.4k),9.2k,185,149,189
Cybage,3.7,(2.4k),17.2k,216,26,275
Straive,3.3,(2.4k),10.7k,232,102,126
Kia India,3.9,(2.4k),8.4k,184,108,175
Apollo Pharmacy,3.7,(2.4k),7.3k,205,1.1k,144
TCE,3.9,(2.4k),10.2k,304,44,182
Sopra Steria,3.9,(2.4k),14.3k,187,29,247
KocharTech,3.6,(2.4k),3.8k,83,28,583
Xoriant,4.0,(2.4k),11.7k,237,42,414
GVK Emergency Management and Research Institute,3.6,(2.4k),4.8k,122,77,189
SBI Securities,3.6,(2.3k),7k,194,108,115
Akums Drugs & Pharmaceuticals Limited,4.2,(2.3k),6.3k,336,26,158
Sobha,3.8,(2.3k),8.6k,168,59,235
Star Union Dai-ichi Life Insurance,3.8,(2.3k),5.5k,145,21,107
Endurance Technologies Limited,3.9,(2.3k),8k,147,20,246
Bharat Petroleum,4.2,(2.3k),7.5k,192,--,198
BNP Paribas,3.7,(2.3k),19.5k,224,42,188
Eureka Forbes,3.6,(2.3k),5.7k,94,8,238
Daikin Airconditioning India Pvt. Ltd.,4.2,(2.3k),8k,219,5,160
Lifestyle,4.2,(2.3k),6.7k,89,17,283
Panasonic Life Solutions India,3.9,(2.3k),7.2k,100,19,120
Myntra,3.8,(2.3k),10.9k,372,8,320
Radisson Hotels,4.0,(2.3k),5.3k,109,41,318
AWL Agri Business,4.1,(2.3k),7k,145,11,190
SBI General Insurance,3.5,(2.3k),6.9k,137,39,138
Bharti AXA Life Insurance,3.6,(2.3k),5.2k,156,716,179
Unacademy,2.9,(2.3k),10.3k,240,12,158
Cisco,4.1,(2.3k),19.4k,423,288,228
Renault Nissan Technology & Business Centre India,3.6,(2.2k),15.3k,157,22,215
Meesho,3.7,(2.2k),10.1k,454,44,317
Coromandel International,4.1,(2.2k),7.8k,129,65,226
Sify Technologies,3.6,(2.2k),10.1k,150,35,164
ValueLabs,3.4,(2.2k),16.5k,221,67,273
Lava International,3.9,(2.2k),4.4k,94,6,311
JK Tyre,3.8,(2.2k),7k,182,4,224
Henry Harvin Education,3.9,(2.2k),982,132,12,75
Indian Railways,4.2,(2.2k),3.6k,116,--,165
Allstate,3.7,(2.2k),12.2k,158,19,191
Whirlpool,4.0,(2.2k),7.9k,122,14,204
Shahi Exports,4.0,(2.2k),6.9k,127,56,235
GlaxoSmithKline Pharmaceuticals,4.1,(2.2k),6k,131,25,115
Bank of Baroda,3.6,(2.2k),7k,128,--,159
Poonawalla Fincorp,3.6,(2.2k),6.2k,88,4,142
Generali Central Life Insurance,3.4,(2.2k),6.9k,123,20,175
Mercedes-Benz Research and Development India,3.5,(2.2k),18.4k,211,--,202
Manipal Hospitals,4.0,(2.2k),7.5k,144,47,149
Spark Minda,3.8,(2.2k),7.4k,165,15,47
Jio Platforms,3.4,(2.2k),15.2k,274,--,68
Saint-Gobain,3.8,(2.2k),12.2k,219,145,258
FirstCry,3.5,(2.2k),9.2k,219,5,78
Infinite Computer Solutions,3.2,(2.2k),16k,182,185,117
Nuvoco Vistas,4.1,(2.2k),7.4k,137,32,149
Life Insurance Corporation of India,4.4,(2.2k),4.8k,108,1,248
Cargill,3.9,(2.2k),8.8k,114,166,157
CAMS,3.6,(2.2k),9.1k,153,16,57
NTT DATA Business Solutions,4.1,(2.2k),13.4k,287,28,37
Nokia Networks,4.1,(2.2k),10.3k,130,6,14
Brakes India,3.9,(2.2k),7.3k,110,41,220
upGrad,3.3,(2.2k),9.6k,220,38,135
BHEL,4.2,(2.2k),5.3k,142,53,234
Microsoft Corporation,3.8,(2.2k),32.3k,635,--,204
Power Mech Projects,3.8,(2.2k),6.8k,127,3,170
Kotak Securities,3.4,(2.2k),9.6k,150,32,159
Force Motors,3.7,(2.1k),8.3k,148,22,158
CitiusTech,3.1,(2.1k),14.8k,325,8,178
Pfizer,3.9,(2.1k),5.9k,91,72,283
"Maruti Suzuki India Limited, Hansalpur",4.2,(2.1k),6.9k,240,459,179
Provana,4.1,(2.1k),4.6k,279,18,332
EPAM Systems,3.7,(2.1k),25k,667,120,141
IndusInd General Insurance,3.6,(2.1k),7.3k,104,17,139
Biological E,4.2,(2.1k),7.2k,149,44,235
Huawei Technologies,4.1,(2.1k),7.7k,121,34,294
SGS,3.8,(2.1k),6.8k,134,149,192
ITC Hotels,4.1,(2.1k),5.5k,108,--,201
Simplex Infrastructures,3.4,(2.1k),4.2k,85,2,287
Reliance Trends,4.1,(2.1k),4.1k,126,--,220
Morgan Stanley,3.6,(2.1k),28.3k,345,58,163
K12 Techno Services,3.7,(2.1k),5.4k,446,349,76
Raymond Lifestyle Limited,4.2,(2.1k),6.3k,124,19,243
Delphi TVS,3.8,(2.1k),5.6k,102,1,201
Aditya Birla Health Insurance Co,3.7,(2.1k),7.3k,134,5,102
Ola Cabs,3.2,(2.1k),8.8k,156,45,230
YASH Technologies,3.6,(2.1k),16.3k,179,496,184
Renault-Nissan,4.1,(2.1k),7.4k,130,--,270
Narayana Health,4.0,(2.1k),6.3k,99,76,153
Extramarks Education,3.2,(2.1k),7.2k,177,2,147
Shadowfax Technologies,3.5,(2k),7.9k,173,25,89
Trent,3.8,(2k),5.4k,112,23,144
IDBI Bank,3.3,(2k),6.2k,89,--,143
Haier Appliances India,3.9,(2k),7.3k,169,32,178
Senco Gold,4.4,(2k),1.6k,634,1,36
Novartis,4.2,(2k),10.5k,171,85,235
Honeywell Automation,3.7,(2k),12.7k,140,--,169
AECOM,4.2,(2k),7.3k,155,204,251
Motherson Automotive Technologies and Engineering,3.7,(2k),7.8k,165,--,159
HSBC Electronic Data Processing,4.0,(2k),8.4k,92,--,4
R.R. Donnelley,3.6,(2k),10.3k,130,5,214
Schindler,3.9,(2k),6.3k,126,68,201
SAP,4.1,(2k),18.4k,323,--,286
L&T Energy Hydrocarbon,3.8,(2k),8.5k,120,--,208
Paisabazaar.com,3.4,(2k),7.1k,176,67,107
Aye Finance,4.1,(2k),3.7k,103,63,127
CMS Infosystems,3.5,(2k),4.9k,83,4,109
Ninjacart,3.8,(2k),4.9k,105,32,140
TELUS Digital,3.5,(2k),10.7k,147,12,53
Globiva,3.0,(2k),5.5k,140,163,90
V-Guard,4.3,(2k),4.7k,124,46,285
Uflex,3.8,(2k),6.9k,133,52,130
NCR Voyix,3.4,(2k),9.5k,145,34,179
Crisil,3.5,(2k),13.9k,216,662,228
Spinny,3.6,(2k),8k,217,63,110
Dr Lal PathLabs,4.2,(2k),4.5k,194,90,199
Microland,3.5,(2k),10.8k,149,510,165
Godrej Properties,3.6,(2k),9.5k,136,--,125
Aadhar Housing Finance,4.0,(2k),4.7k,123,16,111
CNH (Case New Holland),3.7,(2k),6.2k,143,15,169
Adecco Group,3.8,(2k),7.5k,123,3,148
State Street Syntel,3.7,(2k),6.2k,81,--,282
Philips,3.8,(2k),11.3k,183,107,185
Philips,3.8,(2k),11.3k,183,107,185
Parle Products,3.9,(2k),3.6k,128,26,212
Tata Power,3.9,(2k),7.8k,223,25,141
HTC Global Services,3.3,(2k),13.5k,170,--,113
G R Infraprojects,4.1,(2k),5.4k,167,53,165
Angel One,3.5,(2k),7.9k,172,65,161
Trident Group,3.3,(2k),5.6k,144,28,138
DHL Supply Chain,4.2,(2k),6.4k,131,53,142
CSB Bank,3.2,(2k),7.2k,110,1.1k,54
ICICI Home Finance,3.7,(1.9k),5.6k,104,8,100
Verizon,3.5,(1.9k),12.3k,136,2,207
NTPC,4.2,(1.9k),4.4k,192,--,192
Lucas-TVS,3.9,(1.9k),6.2k,98,19,215
Iris Software,3.7,(1.9k),8.1k,211,433,256
Infinx,3.7,(1.9k),5.6k,212,59,77
Rungta Mines,3.9,(1.9k),6.2k,213,--,75
Thomson Reuters,3.7,(1.9k),11k,142,109,230
Safexpress,3.9,(1.9k),5.6k,131,--,162
Google,4.4,(1.9k),36.9k,1.1k,411,143
NeoSOFT,3.2,(1.9k),11.1k,306,53,107
PI Industries,3.8,(1.9k),7k,141,12,174
Torrent Power,3.7,(1.9k),8k,169,65,158
Orchids International School,4.0,(1.9k),4k,435,19,121
Polycab Wires,4.0,(1.9k),7.4k,136,102,99
Jindal Saw,4.0,(1.9k),6.9k,151,47,188
Medi Assist India,3.4,(1.9k),7.5k,142,27,147
Hindustan Aeronautics,4.3,(1.9k),4.5k,92,2,183
Capri Global Capital,3.6,(1.9k),4.4k,77,7,49
Tekwissen,4.9,(1.9k),628,341,40,3
Tata Tele Business Services,3.4,(1.9k),4.6k,58,55,282
TVS Sundram Fasteners,3.6,(1.9k),6.7k,95,15,212
Fusion CX,3.2,(1.9k),4.6k,148,214,99
Infra.Market,3.9,(1.9k),3.9k,283,--,24
Aragen Life Sciences,3.9,(1.9k),6.6k,129,101,304
AXA Global Business Services,3.6,(1.9k),7.2k,108,10,178
KENT RO Systems,3.7,(1.9k),4.2k,107,14,111
First American (India),3.5,(1.9k),9.5k,101,87,177
Digit Insurance,3.6,(1.9k),6.3k,241,41,117
Haldiram Foods International Limited,3.8,(1.8k),6.1k,166,--,111
AkzoNobel,4.1,(1.8k),4.6k,145,20,137
Honda Cars,4.3,(1.8k),6.3k,116,--,188
Hindustan Petroleum,4.2,(1.8k),6.1k,119,--,141
Adani Green Energy,3.9,(1.8k),6.3k,168,1,91
DIVI'S Laboratories,3.6,(1.8k),6.8k,106,--,185
Innovsource Services,3.9,(1.8k),4.6k,79,--,126
Sterling & Wilson,4.1,(1.8k),6.6k,88,23,202
MetLife,4.0,(1.8k),9.7k,103,68,243
Cafe Coffee Day,3.7,(1.8k),3.7k,86,7,183
Air India,3.4,(1.8k),8.3k,229,42,173
Isgec Heavy Engineering,3.8,(1.8k),7k,148,77,141
Pine Labs,3.2,(1.8k),7.9k,142,6,124
Reckitt Benckiser,3.9,(1.8k),6.4k,107,84,180
USV,4.0,(1.8k),5.8k,90,58,179
SS&C TECHNOLOGIES,3.2,(1.8k),13.6k,202,183,198
USHA International,4.0,(1.8k),4.8k,120,17,174
LivSpace,3.3,(1.8k),8.3k,171,131,96
HDFC Securities,3.4,(1.8k),6.1k,129,48,151
XBP Global,3.1,(1.8k),7.6k,105,82,84
Annapurna Finance,3.8,(1.8k),3.8k,88,1,135
Kalyan Jewellers,4.4,(1.8k),1.6k,85,17,63
Granules India Limited,3.8,(1.8k),6.5k,87,4,171
Stellar Migration,1.3,(1.8k),2,2,--,8
Tata Communications Transformation Services,3.8,(1.8k),8.4k,101,--,171
Security and Intelligence Services (India),4.1,(1.8k),4.5k,85,32,136
BT Business,3.9,(1.8k),9.2k,90,--,269
Hitachi Astemo,4.0,(1.8k),6.6k,144,--,124
Bata,3.5,(1.8k),4.2k,90,1,129
BVG India,4.2,(1.8k),4.1k,177,113,109
Cushman & Wakefield,4.1,(1.8k),6.8k,128,23,142
Orange Business,4.0,(1.7k),9.2k,120,7,246
NielsenIQ,3.4,(1.7k),11.3k,240,12,66
TTEC India,3.7,(1.7k),5.6k,196,8,157
IIFL SAMASTA,3.7,(1.7k),3.2k,88,2,25
Mother Dairy Fruit & Vegetable,4.0,(1.7k),5.1k,105,4,157
Vedantu,3.2,(1.7k),7.9k,201,17,161
HighRadius,2.4,(1.7k),9.4k,217,82,90
Hinduja Leyland Finance,4.1,(1.7k),3.1k,92,5,170
Medanta the Medicity,4.0,(1.7k),5.2k,138,54,156
Dhani Loans and Services,3.9,(1.7k),4.1k,71,29,42
Future Retail,4.4,(1.7k),3.6k,61,--,252
Caterpillar Inc,4.1,(1.7k),11.6k,211,292,145
FactSet,3.6,(1.7k),10.9k,237,32,191
Metro Cash & Carry,4.0,(1.7k),4.9k,77,4,171
Cavinkare,3.9,(1.7k),5k,72,18,151
Sysnet Global Technologies,3.6,(1.7k),4.4k,143,8,87
Indian Navy,4.6,(1.7k),3.4k,40,--,248
Tata 1mg,3.6,(1.7k),7.3k,230,265,111
Patanjali Foods,3.7,(1.7k),4.7k,113,33,127
Clover Infotech,3.3,(1.7k),12.1k,145,198,105
Frankfinn Institute of Air Hostess Training,3.9,(1.7k),3.1k,130,40,175
Health Care Global Enterprises,4.4,(1.7k),2.9k,177,131,32
Compass Group Support Services,4.0,(1.7k),5.7k,92,31,147
L.G.Balakrishnan & Bros,3.5,(1.7k),5.9k,86,--,127
Labmentix,4.5,(1.7k),40,579,--,39
NEC,4.0,(1.7k),5.5k,81,4,82
Shriram Life Insurance,3.5,(1.7k),5k,118,86,98
KONE,4.1,(1.7k),5.8k,146,47,197
ReNew,4.2,(1.7k),6.7k,146,57,105
Rane (Madras),3.8,(1.7k),4.8k,99,35,166
Yamaha Motor,4.1,(1.7k),5.4k,97,--,178
DHL Express,4.1,(1.7k),6.2k,80,--,179
CG Power and Industrial Solutions,3.8,(1.7k),6.8k,110,--,222
MagicBricks,3.9,(1.7k),4.7k,350,14,74
Suryoday Small Finance Bank,3.9,(1.7k),4.5k,101,16,97
BA Continuum,3.9,(1.7k),10.1k,114,--,292
Vardhman Fabrics,4.0,(1.7k),5.3k,89,14,148
JSW Bhushan Power & Steel,4.0,(1.7k),4.8k,85,--,184
Matrimony.com,4.0,(1.7k),4.4k,116,36,84
Toyota Kirloskar Motor,4.3,(1.7k),4.8k,87,12,171
Procter & Gamble,4.0,(1.6k),5.8k,137,32,167
Coronis Ajuba Solutions,3.9,(1.6k),5.8k,95,22,145
Belrise Industries,3.7,(1.6k),6.2k,108,7,106
Goldman Sachs,3.3,(1.6k),21.5k,423,250,106
Johnson & Johnson,3.9,(1.6k),5.9k,118,74,191
CMA CGM,4.0,(1.6k),8.1k,105,30,215
Arvind Group,4.0,(1.6k),5.4k,88,--,303
Veritas Finance,4.2,(1.6k),2.3k,92,--,43
Krishna Maruti,3.8,(1.6k),5.3k,141,10,130
Wipro Enterprises Ltd,3.8,(1.6k),8.4k,215,--,450
Dixon Technologies,3.9,(1.6k),5.9k,157,26,124
Urban Company,3.3,(1.6k),7.4k,179,92,106
Chegg,4.1,(1.6k),4.1k,167,19,90
Godrej Industries Group,3.9,(1.6k),3.2k,156,2,168
Satin Creditcare Network,3.9,(1.6k),3.2k,69,4,137
Teva Pharmaceuticals,3.9,(1.6k),5.8k,122,32,187
Marico,3.8,(1.6k),5.9k,108,42,168
Welspun Living Limited,3.9,(1.6k),5.2k,93,2,155
Sanofi,4.0,(1.6k),6.2k,107,129,174
mPokket,4.5,(1.6k),1.7k,418,3,45
Tata Play,4.0,(1.6k),4.5k,90,1,186
HERE Technologies,3.7,(1.6k),7.6k,113,12,286
iOPEX Technologies,3.1,(1.6k),6.3k,95,26,539
IndiaFirst Life Insurance,3.8,(1.6k),4k,87,19,110
Hero Motors Company,3.9,(1.6k),6.2k,101,4,126
Supreme Industries,4.0,(1.6k),5.9k,102,--,118
Asahi India Glass,3.8,(1.6k),5.5k,118,5,136
Emami,3.8,(1.6k),5.3k,109,12,140
ZF Commercial Vehicle Control Systems,3.8,(1.6k),3.8k,85,4,9
Broadridge Financial Solutions,3.8,(1.6k),11.2k,165,64,143
Kotak Mahindra Prime,3.9,(1.6k),5.1k,73,--,69
Relaxo Footwear,4.0,(1.6k),4.6k,117,28,154
Cemindia Projects,4.2,(1.6k),3.4k,98,1,143
KFC,4.0,(1.6k),3.1k,89,--,161
Wockhardt,3.8,(1.6k),4.1k,66,27,182
Mercer,3.6,(1.6k),10.1k,98,--,210
SHYAM METALICS AND ENERGY,3.4,(1.6k),5k,158,127,54
PharmEasy,3.7,(1.6k),6.5k,122,3,154
IFB,3.6,(1.6k),5.4k,126,21,61
Lumax Industries,3.9,(1.6k),5.9k,107,38,133
Marriott International,4.1,(1.6k),4.7k,107,1.5k,186
Gujarat Fluorochemicals,3.9,(1.6k),6.8k,110,14,132
Amul India,4.0,(1.6k),4.3k,164,8,11
Muthoot Microfin,4.2,(1.6k),2.6k,86,9,70
Tata Consumer Products,3.5,(1.6k),6k,104,4,89
Bisleri,4.2,(1.6k),4.6k,128,19,151
Bajaj Capital,3.5,(1.6k),3.9k,170,108,103
Patra India,3.5,(1.6k),6.4k,120,1,90
Karur Vysya Bank,3.5,(1.6k),5k,112,20,64
Honda,4.0,(1.6k),3.8k,114,4,207
Suguna Foods,3.9,(1.5k),4.1k,97,26,137
Steel Strips Wheels,3.7,(1.5k),5.6k,89,13,124
Dainik Bhaskar Group,4.1,(1.5k),4.3k,85,80,149
Evalueserve,3.0,(1.5k),10.7k,142,60,139
GE VERNOVA,4.1,(1.5k),5.7k,114,3,11
Canara Bank,3.6,(1.5k),4.1k,53,--,105
Piramal Pharma,3.9,(1.5k),6.8k,134,52,112
American Broadcasting Company,4.0,(1.5k),37.2k,604,5,9
Tesco,3.6,(1.5k),9.4k,151,100,194
XL Dynamics,3.6,(1.5k),3.5k,97,16,199
Sonata Software,3.4,(1.5k),12.1k,145,221,90
Nayara Energy,4.2,(1.5k),6k,97,9,170
SAI Life Sciences,3.9,(1.5k),6.2k,110,55,135
GMR Group,3.9,(1.5k),4.7k,108,--,197
Oracle Cerner,3.3,(1.5k),9.7k,172,--,256
Tanishq,4.2,(1.5k),3.1k,118,2,76
Page Industries,4.1,(1.5k),5.1k,77,6,109
PNB Housing Finance,3.7,(1.5k),4.9k,57,8,97
Wheelseye Technology,3.4,(1.5k),4k,123,17,106
QualityKiosk Technologies,3.2,(1.5k),11.6k,166,272,101
Chetu,3.7,(1.5k),7.3k,235,9,156
Ashoka Buildcon,4.1,(1.5k),4.2k,82,7,132
Devyani International,3.8,(1.5k),3.6k,72,15,117
V5 Global Services,3.9,(1.5k),3.8k,96,8,72
Airtel Payments Bank,3.8,(1.5k),5.3k,119,22,111
Acuity Analytics,3.1,(1.5k),13.2k,184,191,83
Gland Pharma,4.0,(1.5k),6k,93,11,128
Amneal Pharmaceuticals,4.2,(1.5k),6.4k,87,54,148
Heritage Foods,4.1,(1.5k),3.8k,107,35,152
HCL Infosystems,4.0,(1.5k),6.4k,144,--,230
SBFC Finance,3.8,(1.5k),2.9k,103,58,56
Max Fashion,4.0,(1.5k),3.5k,78,16,177
Valeo,3.9,(1.5k),8.2k,109,124,135
ALTEN,3.5,(1.5k),8.8k,169,55,74
Daimler India Commercial Vehicles,3.9,(1.5k),6.8k,79,--,182
Apco Infratech,3.8,(1.5k),4.4k,144,12,114
Happiest Minds Technologies,3.4,(1.5k),13k,154,622,98
Indoco Remedies,3.4,(1.5k),5.7k,91,23,114
ISS Facility Services,4.0,(1.5k),4.2k,70,13,138
Honeywell Technology Solutions,3.6,(1.5k),11.4k,165,--,207
Apexon,3.3,(1.5k),9.7k,177,78,44
Altimetrik,3.5,(1.5k),12.8k,272,238,115
Aon,3.8,(1.5k),6.6k,94,62,213
Chandigarh University,4.2,(1.5k),2.8k,111,42,51
Bharat Forge,3.7,(1.5k),6.5k,80,6,126
Oberoi Group of Hotels,4.0,(1.5k),3.8k,96,--,235
Aumovio,3.7,(1.5k),9.5k,83,13,135
Jaquar,4.1,(1.5k),5.3k,91,30,126
Taurus BPO Services,4.0,(1.5k),994,35,2,516
Narayana Educational Society,3.6,(1.5k),4.1k,70,12,124
Hyatt Regency,4.0,(1.5k),3k,63,2,199
NIIT,3.5,(1.5k),6.1k,108,16,163
Morningstar,3.7,(1.5k),10.5k,268,55,131
CIE Automotive India Limited (Formerly known as Mahindra CIE Automotive Limited),3.6,(1.5k),5k,91,--,7
City Union Bank,2.9,(1.5k),6.1k,131,3,72
Indegene,3.3,(1.5k),10k,178,19,134
AB InBev India,3.3,(1.5k),8k,119,68,149
Fusion Finance,3.9,(1.4k),3.2k,62,2,83
VOIS,3.7,(1.4k),9k,184,39,22
Sony,4.2,(1.4k),4.7k,92,9,195
Amara Raja Energy & Mobility,4.0,(1.4k),4.3k,118,43,118
Nykaa,3.4,(1.4k),7.1k,158,9,63
Aerial Telecom Solutions,4.2,(1.4k),2.4k,128,17,69
Tieto,4.1,(1.4k),9.5k,109,26,118
Agilus Diagnostics,4.1,(1.4k),3.3k,86,8,133
MedPlus,3.5,(1.4k),4.4k,112,34,67
Acmegrade,3.9,(1.4k),298,69,--,1
Slk Software Services,3.2,(1.4k),9.3k,115,1,91
TEKsystems,3.1,(1.4k),11.4k,139,17,83
Eaton,3.9,(1.4k),8.3k,154,11,130
Vfs Global Services,3.4,(1.4k),4.4k,73,8,121
DCM Shriram,4.1,(1.4k),5k,113,19,124
Adobe,3.7,(1.4k),13.5k,275,240,158
AtkinsRealis,3.7,(1.4k),6.2k,111,343,99
Hire In Global,4.9,(1.4k),8,303,--,35
TÜV SÜD,4.0,(1.4k),4k,108,163,112
Xiaomi,3.7,(1.4k),5.6k,113,7,134
Sansera Engineering,4.0,(1.4k),5.7k,98,2,115
Tenarai,3.5,(1.4k),11.2k,138,83,124
VLCC,3.2,(1.4k),3.3k,55,52,100
J. Kumar Infraprojects,4.1,(1.4k),4.4k,94,2,119
Kantar,3.5,(1.4k),6.9k,119,1,82
Oracle Financial Services Software,3.2,(1.4k),10.6k,200,--,187
Unisys,3.4,(1.4k),10.1k,81,29,151
EOSGlobe,3.0,(1.4k),4k,91,11,88
Citco,3.1,(1.4k),10.1k,172,88,57
Tata Group,4.2,(1.4k),5.7k,386,--,148
FedEx Express,4.0,(1.4k),5.4k,117,129,196
The Muthoot Group,3.6,(1.4k),3.6k,84,--,233
Rashmi Metaliks,3.1,(1.4k),4.9k,119,3,69
Worley,4.1,(1.4k),7.6k,140,166,119
IDC Technologies,3.0,(1.4k),6.8k,76,--,48
Novo Nordisk,3.6,(1.4k),6.6k,101,142,135
JSW Cement,4.1,(1.4k),4.3k,141,19,117
Sunknowledge Services,3.4,(1.4k),4k,110,10,210
R Systems International,3.7,(1.4k),7.6k,176,33,129
Fino Payments Bank,3.8,(1.4k),4k,64,27,104
Troikaa Pharmaceuticals,4.1,(1.4k),4k,124,13,112
iMerit,3.2,(1.4k),5.8k,119,7,102
Sharekhan,3.6,(1.4k),5.2k,100,52,116
Amity University,3.6,(1.4k),5.1k,118,11,125
Incedo,2.9,(1.4k),10.6k,212,81,117
TCS iON,3.8,(1.4k),4.1k,411,--,181
Bajaj Housing Finance,3.5,(1.4k),5.9k,73,64,60
INDIUM,3.9,(1.4k),7.1k,260,117,52
Paytm Payments Bank,3.8,(1.4k),5.6k,143,--,121
Aforeserve,3.4,(1.4k),3.6k,93,35,89
The Ramco Cements,4.1,(1.4k),4.4k,520,--,106
Unichem Laboratories,3.7,(1.4k),5.2k,96,53,131
Iffco Tokio General Insurance Co.,3.8,(1.4k),4.1k,52,--,114
Faurecia,3.9,(1.4k),6k,72,12,182
Grant Thornton,3.4,(1.4k),11.8k,120,249,89
TE Connectivity,4.1,(1.4k),7.6k,102,194,154
Bharat FIH,3.7,(1.4k),5.3k,92,--,76
Viraj Profiles,4.0,(1.4k),4.5k,101,13,150
FDC,3.7,(1.4k),3.8k,70,29,93
Burger King,3.9,(1.4k),3.5k,103,7,138
ZF Steering Gear,3.7,(1.4k),7.5k,62,11,99
Aptara,3.1,(1.4k),6.4k,79,10,118
Sheenlac Paints,4.1,(1.4k),1.7k,210,--,46
Brillio,3.4,(1.4k),10.9k,143,54,79
Hindware Limited,3.9,(1.4k),4.7k,88,7,135
CreditAccess Grameen,3.9,(1.4k),2.6k,55,16,75
DEXIT Global,3.4,(1.4k),5.6k,142,4,115
Hatsun Agro Product,3.8,(1.3k),4.8k,86,4,106
CenturyPly,3.8,(1.3k),4.5k,101,7,69
Decathlon,3.7,(1.3k),4.4k,120,1,122
GE,4.1,(1.3k),7.5k,116,10,140
Collabera Talent Solutions,3.5,(1.3k),6.9k,152,5,111
GEP Worldwide,3.6,(1.3k),9.6k,158,22,131
ManpowerGroup,3.6,(1.3k),5.3k,71,191,86
Baroda Global Shared Services,3.9,(1.3k),3.1k,135,32,37
RBL FinServe,3.9,(1.3k),3.1k,70,--,85
NetAmbit,4.0,(1.3k),3.1k,174,2,40
More Supermarket,3.6,(1.3k),4.1k,94,25,61
JioMart,3.9,(1.3k),4.3k,120,--,80
OM Logistics,3.9,(1.3k),4k,96,4,109
Punjab National Bank,3.8,(1.3k),3k,66,--,104
Nippon Paint India,4.0,(1.3k),4k,82,2,92
VIBGYOR Group of Schools,3.5,(1.3k),4.2k,101,209,106
Cinépolis,3.8,(1.3k),3k,83,2,153
Shubham Housing Development Finance,4.0,(1.3k),2.9k,53,5,79
SK Finance Limited,3.8,(1.3k),3.7k,91,--,20
Spicejet,3.3,(1.3k),5.1k,106,--,161
Atul,3.9,(1.3k),5.2k,103,1,118
NxtWave,3.5,(1.3k),3.5k,293,160,22
Astral Pipe,4.0,(1.3k),4.3k,96,97,34
Big Bazaar,4.4,(1.3k),2.2k,47,--,191
ICICI Prudential Mutual Fund,3.9,(1.3k),5.8k,90,--,92
Royal Migration Solutions,4.9,(1.3k),5,1,--,1
Mondelez International,4.1,(1.3k),4.8k,77,86,134
Ion Exchange India,3.7,(1.3k),5.3k,100,39,93
Globant,3.4,(1.3k),10.6k,210,96,104
Centre for Development of Advanced Computing,3.6,(1.3k),7k,126,1,65
Luminous Power Technologies,4.1,(1.3k),4.2k,100,19,129
Samsung Research,3.0,(1.3k),9.9k,150,1,146
Bluestock ™,4.5,(1.3k),63,389,--,1
OpenText Technologies,3.3,(1.3k),12.3k,197,32,90
Fabindia,3.7,(1.3k),4.1k,62,64,120
Aarvee Associates,3.7,(1.3k),3.4k,103,--,108
Pantaloons,4.1,(1.3k),2.9k,69,--,136
Jakson Group,4.1,(1.3k),4k,107,18,103
Hindustan Construction Company,4.2,(1.3k),3.2k,96,2,162
T-Systems ICT India,3.7,(1.3k),9k,113,26,98
Apex Group,2.6,(1.3k),8.5k,189,380,40
Tenneco,3.6,(1.3k),5.3k,72,18,122
Spandana Sphoorty Financial,3.8,(1.3k),2.4k,57,8,91
Vestas,4.1,(1.3k),5.5k,100,18,140
ANZ Banking Group,3.7,(1.3k),8.4k,110,20,105
Godrej Consumer Products,4.0,(1.3k),4.9k,62,--,123
Sigma Electric Manufacturing Corporation,4.0,(1.3k),2.8k,78,18,208
Panasonic,4.0,(1.3k),4.8k,52,17,153
Fresenius Kabi,4.0,(1.3k),4.2k,58,13,119
SKF,4.0,(1.3k),4.6k,78,46,157
Automotive Manufacturers,3.8,(1.3k),5.2k,106,61,77
H.G. Infra Engineering,4.0,(1.3k),3.3k,110,2,94
Electronics Corporation of India Limited,4.2,(1.3k),3.2k,63,5,106
AGS Transact Technologies,2.8,(1.3k),3.8k,45,--,130
Dassault Systemes,3.7,(1.3k),7.5k,190,2,138
KIMS Hospital,3.7,(1.3k),3.8k,63,7,82
DP World,3.8,(1.3k),5.3k,103,185,70
PNC Infratech,3.8,(1.3k),3.5k,83,--,82
Intertek,3.7,(1.3k),4k,85,70,118
Shriram Pistons & Rings,4.0,(1.3k),4.6k,78,4,141
Dell EMC,3.8,(1.3k),8.3k,74,--,193
Zoho,4.1,(1.3k),10.3k,589,--,104
Prodapt,3.5,(1.3k),10k,119,81,77
iSON Xperiences,3.1,(1.3k),3.3k,81,12,93
Mu Sigma,2.5,(1.3k),6.8k,254,--,123
Kalpataru Limited,4.1,(1.3k),4.6k,282,19,86
AIIMS,4.2,(1.3k),4.7k,71,--,69
Colliers India,3.9,(1.2k),4.9k,100,80,81
Synchrony,4.2,(1.2k),5.6k,95,17,204
Diageo,3.8,(1.2k),6.4k,94,34,109
Nielsen,3.0,(1.2k),6.8k,162,2,133
Oil And Natural Gas Corporation,4.3,(1.2k),3.1k,80,--,141
DLF,4.0,(1.2k),5.1k,102,--,79
Jindal X,3.5,(1.2k),2.8k,114,7,155
Indostar Capital Finance Limited,4.3,(1.2k),2.1k,201,1,45
Parexel International,3.8,(1.2k),6.1k,88,19,126
Rockman Industries,3.8,(1.2k),3.9k,98,22,102
ExcelR,3.6,(1.2k),1.1k,109,25,3
Wind World,4.0,(1.2k),3.3k,89,2,123
Fidelity Investments,4.1,(1.2k),8.2k,129,1,163
Rupeek,4.1,(1.2k),3.3k,134,29,60
Qualcomm,3.7,(1.2k),15.5k,300,27,137
JTEKT,4.1,(1.2k),4.4k,99,4,95
Ahluwalia Contracts India,4.0,(1.2k),3.6k,79,19,75
Kirloskar Oil Engines,4.1,(1.2k),4.3k,65,--,102
Strides Pharma,3.9,(1.2k),4.4k,81,--,158
DENSO,4.1,(1.2k),3.8k,86,4,180
EbixCash Limited,3.6,(1.2k),5.1k,110,3,74
Best Sellers,4.1,(1.2k),3k,34,1,133
JK Lakshmi Cement,3.7,(1.2k),3.8k,88,--,103
Innova Solutions,3.3,(1.2k),8.3k,104,97,26
ACG Worldwide,3.8,(1.2k),4k,86,45,47
Fidelity National Financial,3.7,(1.2k),6.3k,62,8,158
Genius HRTech,3.8,(1.2k),4k,76,4,73
Federal Bank,3.6,(1.2k),5.9k,121,--,76
Leadec India,4.1,(1.2k),3.6k,154,42,88
Zetwerk,4.0,(1.2k),4.2k,119,41,62
PHN Technology,4.2,(1.2k),394,42,--,3
Baazar Retail Private Limited,4.5,(1.2k),1.5k,88,3,22
Sri Chaitanya Techno Schools,3.5,(1.2k),3.6k,79,--,4
Intel,4.1,(1.2k),9.3k,242,62,92
Balkrishna Industries,4.0,(1.2k),4.3k,71,--,68
Schaeffler India,4.0,(1.2k),5.9k,69,13,113
Thyrocare Technologies,3.7,(1.2k),4.4k,88,21,96
Indira IVF Hospital,3.8,(1.2k),3.1k,79,79,82
Meril,3.6,(1.2k),5.1k,88,17,78
Aptiv,3.4,(1.2k),8.7k,127,13,50
Salesforce,3.9,(1.2k),14.9k,254,337,107
Aparna Constructions and Estates,3.9,(1.2k),4.1k,116,51,100
HFCL Limited,3.8,(1.2k),4.1k,86,2,92
Electronica Finance,4.1,(1.2k),2.7k,144,18,38
Prism Johnson,3.7,(1.2k),4.5k,72,19,69
PayPal,3.7,(1.2k),10.2k,243,--,122
FOCUS EDUMATICS,2.9,(1.2k),3.1k,128,--,40
Birla Corporation,4.0,(1.2k),3.8k,76,12,88
Apollo Health and Lifestyle Limited,4.3,(1.2k),3.5k,119,41,74
London Stock Exchange Group,3.6,(1.2k),11.3k,160,2,58
Imperial Auto Industries,3.8,(1.2k),4.9k,80,11,71
MDIndia Health Insurance TPA,3.6,(1.2k),3.8k,72,36,89
Podar International School,4.0,(1.2k),3.2k,82,2,116
The Jaypee Group,3.8,(1.2k),3.4k,53,11,121
Johnson Lifts,3.9,(1.2k),3.7k,50,10,95
IIFL Home Finance,3.8,(1.2k),3k,59,1.3k,23
Barclays Shared Services,3.8,(1.2k),4.6k,38,587,181
Dhoot Transmission,3.7,(1.2k),3.9k,71,1,110
Ocwen Financial Solutions,3.8,(1.2k),4.2k,53,34,171
Coca-Cola Company,4.0,(1.2k),3.3k,109,--,105
Deccan Fine Chemicals,3.6,(1.2k),5.2k,107,6,64
Nilkamal,3.7,(1.2k),3.7k,85,37,95
Motilal Oswal Home Finance,4.3,(1.2k),1.5k,127,--,27
Stanza Living,3.4,(1.2k),3.6k,127,15,84
Biocon Biologics,3.7,(1.2k),7k,113,3,355
CaratLane - A Tata Product,4.0,(1.2k),3.1k,68,13,82
Dishtv,3.4,(1.2k),3.3k,77,17,104
Bajaj Motors,3.9,(1.2k),3.4k,70,13,114
Edelweiss Life Insurance,3.7,(1.2k),3.7k,60,26,99
INDO-MIM,4.0,(1.2k),4.4k,79,17,116
Kohler,3.6,(1.1k),5.2k,79,6,76
Edelweiss,3.6,(1.1k),5.5k,65,6,135
Jacobs Engineering Group,4.2,(1.1k),5.4k,93,6,98
Navitasys India,4.0,(1.1k),2.7k,148,5,59
1Point1 Solutions Ltd,3.7,(1.1k),3.2k,84,77,93
Barbeque Nation,3.9,(1.1k),2.8k,51,7,122
Unicharm,3.9,(1.1k),2.9k,67,2,106
Jabil Circuit India,4.0,(1.1k),4.4k,72,74,90
Birla Opus,4.1,(1.1k),2.8k,105,--,18
Piaggio,3.6,(1.1k),3.8k,74,47,127
Advantmed,4.0,(1.1k),2.8k,172,18,57
Svatantra Microfin,3.9,(1.1k),2.2k,49,12,82
Asirvad Microfinance,3.8,(1.1k),2.3k,48,1,64
Onward Technologies Inc,2.8,(1.1k),6.3k,95,38,45
Air India Sats Airport Services,3.6,(1.1k),2.5k,70,--,78
V2 Retail,3.3,(1.1k),2.7k,93,45,91
TÜV NORD,3.7,(1.1k),4.1k,81,367,70
TK Elevator,3.8,(1.1k),4.4k,66,6,97
MG Motor,3.9,(1.1k),4.9k,82,22,80
Hyundai Mobis,3.7,(1.1k),5.2k,80,9,129
Zydus Wellness,4.1,(1.1k),2.7k,109,23,77
Innodata India Private Limited,3.7,(1.1k),3.2k,199,74,61
MAHLE ANAND Filter Systems,3.9,(1.1k),3.6k,42,--,116
Sundaram Finance,3.9,(1.1k),3k,51,9,90
Wonder Home Finance,4.6,(1.1k),788,192,13,10
ICON Plc,4.0,(1.1k),4.6k,149,4,58
Knorr-Bremse,3.2,(1.1k),5.2k,73,9,119
Kirloskar Brothers,3.7,(1.1k),4.5k,93,37,99
Godrej Agrovet,3.9,(1.1k),3.6k,64,5,83
Hikal,3.8,(1.1k),4.7k,76,8,88
Wistron,4.0,(1.1k),5.2k,93,--,131
Tube Investments of India,3.8,(1.1k),3.7k,70,25,54
Unity Small Finance Bank,3.6,(1.1k),4.3k,80,20,20
Vedanta Aluminium Metal,3.8,(1.1k),4.6k,72,--,117
Syngenta,4.2,(1.1k),3.8k,83,10,98
Sri Chaitanya Educational Institutions,3.6,(1.1k),3.1k,52,2,67
Aarvi Encon,4.0,(1.1k),3k,87,301,72
Hinduja Housing Finance,3.7,(1.1k),3k,48,49,34
Tata Capital Housing Finance,4.0,(1.1k),3.3k,54,--,6
HPCL-Mittal Energy Limited,4.3,(1.1k),4.7k,47,--,107
Saipem,4.2,(1.1k),3.4k,55,16,151
CALIBEHR,3.9,(1.1k),2.7k,70,14,63
VMware Software,4.4,(1.1k),8.8k,146,28,130
Gmmco,4.0,(1.1k),2.9k,53,10,113
Hitachi Energy,4.0,(1.1k),7.8k,129,485,66
TKIL,4.1,(1.1k),4.6k,77,16,95
Adani Ports and SEZ,3.6,(1.1k),4k,77,--,124
Pernod Ricard,3.5,(1.1k),4.6k,63,5,112
GAIL,4.4,(1.1k),3.3k,82,--,90
SLMG Beverages,3.9,(1.1k),3.5k,73,1,38
Thermo Fisher Scientific,3.8,(1.1k),6.9k,109,285,96
Malabar Gold and Diamonds,4.1,(1.1k),2.8k,103,59,75
Northcorp Software,4.8,(1.1k),225,865,6,54
Power Grid Corporation of India,4.3,(1.1k),2.1k,80,--,79
Metropolis Healthcare,3.9,(1.1k),3.7k,70,17,75
Vayona Energy,4.0,(1.1k),4.9k,60,--,104
Dana Anand,4.0,(1.1k),3k,56,--,128
Shyam Steel Group,3.5,(1.1k),3.8k,85,8,53
Aspire Systems,3.8,(1.1k),9.9k,131,93,87
Fractal Analytics,4.0,(1.1k),11.7k,233,332,115
Crompton Greaves Consumer Electricals,3.7,(1.1k),4k,60,45,6
Xyz Company,3.8,(1.1k),48.5k,543,--,63
BDR Pharmaceuticals International,4.2,(1.1k),2.1k,163,7,59
Writer Information Management Services,3.2,(1.1k),3.6k,53,--,52
QX Global Group,3.0,(1.1k),4.6k,176,104,45
Bajaj Capital Insurance Broking Limited,4.3,(1.1k),1.3k,230,2,41
Greenko Group,3.9,(1.1k),3.8k,74,--,100
Hindustan Zinc,3.7,(1.1k),4.4k,57,11,106
Gharda Chemicals Limited,3.9,(1.1k),4.8k,83,68,105
Jet Airways,4.6,(1.1k),1.8k,26,--,180
Nexa,3.9,(1.1k),2.3k,41,--,103
Zf Rane Automotive,3.9,(1.1k),3.9k,66,5,136
Vertiv,3.7,(1.1k),4.7k,62,209,7
Netcracker Technology,3.0,(1.1k),9.3k,145,--,87
Wheels,3.9,(1.1k),5.2k,73,4,73
Klm Axiva Finvest,4.4,(1.1k),797,438,10,6
BirlaNu,3.8,(1.1k),2.9k,74,32,71
Otis Elevator,4.1,(1.1k),4.2k,65,125,87
Atlas Copco,4.1,(1.1k),5.5k,102,--,94
GVPR Engineers,3.8,(1.1k),3.1k,78,12,146
ValueMomentum,3.2,(1.1k),9k,100,30,60
IB Group,3.7,(1.1k),3.3k,84,1,51
Thomas Cook,4.1,(1.1k),3.7k,101,--,103
Bharat Sanchar Nigam,3.8,(1.1k),2.6k,49,--,101
GlobalData,3.3,(1.1k),5.5k,95,27,105
ALLEN Career Institute,3.7,(1.1k),4.5k,73,43,43
Spencer's Retail,3.8,(1.1k),2.8k,68,4,97
Lakshmi Machine Works,3.8,(1.1k),4.3k,62,54,70
NBC Bearings,3.9,(1.1k),3.7k,112,3,46
Nippon Life India Asset Management,4.6,(1k),1.6k,158,73,26
Hitachi Payment Services,3.6,(1k),3.5k,56,31,67
Uber,4.1,(1k),8.7k,175,30,107
Allianz Technology,4.0,(1k),6.9k,73,6,115
Skipper,3.9,(1k),3.2k,88,6,72
Kinara Capital,4.2,(1k),2.2k,93,30,152
Amara Raja Group,4.1,(1k),3.5k,75,--,104
Syrma SGS Technologies,4.0,(1k),3.5k,74,7,6
Tata Cummins,4.4,(1k),1.5k,89,--,2
United Breweries,3.3,(1k),3.5k,56,37,94
Vistaar Finance,3.9,(1k),2.2k,36,26,142
Ceasefire Industries,3.1,(1k),2.4k,122,7,77
Siemens Energy,4.0,(1k),6.2k,102,4,72
Suzuki Motorcycle,4.0,(1k),4k,52,3,89
Comviva Technology,2.7,(1k),6.3k,88,101,80
SitusAMC,3.3,(1k),5.4k,73,--,46
MakeMyTrip,3.5,(1k),7.7k,148,55,103
iQor Global Services,3.4,(1k),2.6k,47,29,117
Perfetti Van Melle,4.2,(1k),2.9k,38,10,96
Skoda Auto Volkswagen India,3.9,(1k),4.8k,50,14,84
Fortrea Development India Private Limited,3.9,(1k),5k,87,59,58
Visionet Systems,3.3,(1k),6k,79,20,91
Secure Meters,3.9,(1k),4.6k,88,40,104
Vaco Binary Semantics,3.0,(1k),5.4k,96,40,78
Arohan Financial Services,3.9,(1k),2.1k,41,12,65
Westside,3.7,(1k),2.1k,57,--,80
Zudio,3.9,(1k),2.2k,65,--,26
Lemon Tree Hotels,4.0,(1k),2.8k,62,2,138
Motherson Sumi Wiring,3.7,(1k),4.1k,106,9,13
Bounteous,3.2,(1k),8.4k,249,184,112
Merino Industries,3.7,(1k),3.6k,80,20,76
Sahara India Pariwar,3.9,(1k),2.5k,29,--,100
Colgate Palmolive,4.0,(1k),4.5k,89,53,121
Star Cement,4.0,(1k),3.2k,89,2,96
TradeIndia (Infocom Network Private Limited),3.4,(1k),4.5k,88,34,65
Cult.fit,3.5,(1k),4.2k,84,168,83
AstraZeneca,3.8,(1k),7.5k,70,1,152
MasterCard,3.8,(1k),13.3k,173,443,106
Aparajitha Corporate Services,3.8,(1k),3k,55,9,65
Temenos,3.2,(1k),8.6k,96,16,59
Incheon Motors,4.7,(1k),351,297,7,7
Pristyn Care,3.1,(1k),4.3k,84,15,149
VeeTechnologies,4.0,(1k),4.4k,132,12,93
Mastek,3.6,(1k),6.6k,134,38,46
Tiger Analytics,3.7,(1k),10.8k,260,58,39
Collins Aerospace,3.8,(1k),7.9k,88,11,106
eClinicalWorks,3.5,(1k),5k,78,7,160
Xebia,3.0,(1k),6.6k,97,24,229
Amazon Web Services,3.7,(1k),6.9k,194,--,83
Technip Energies,4.0,(1k),5.4k,93,13,46
CarDekho Group,3.6,(1k),5.1k,87,44,115
Wonder Cement,4.2,(1k),3.6k,64,100,65
JSW Group,3.8,(1k),4.5k,135,--,62
C&S Electric,3.9,(1k),3.8k,68,16,98
Mahindra Automotives,3.8,(1k),5.1k,49,--,41
National Payments Corporation of India,4.0,(1k),4.4k,106,41,38
SYSKA LED Lights,2.9,(1k),2.4k,58,--,80
Quantiphi Analytics Solutions Private Limited,3.1,(1k),7.8k,210,106,59
Lumina Datamatics,3.2,(1k),4.7k,64,75,51
Entain,3.6,(1k),7.4k,143,--,94
Rebel Foods,3.7,(1k),3.5k,78,29,63
JW Marriott,4.2,(1k),2k,50,--,157
Capacit'e Infraprojects,3.7,(1k),3.3k,80,12,68
Jyothy Labs,4.0,(1k),2.3k,57,26,77
Marsh McLennan,3.8,(1k),8.8k,54,57,78
Softenger,4.0,(999),2.7k,75,6,165
KEI Industries,4.2,(999),3.2k,71,2,95
Everest Industries,3.8,(998),3.3k,64,25,91
Psp Projects,3.8,(998),3.1k,81,7,47
J B Chemicals And Pharmaceuticals,3.9,(998),3.4k,66,11,83
Lowe's,4.0,(998),10.4k,156,69,132
Yokohama Off-Highway Tires,3.7,(997),4.3k,71,2,36
General Mills,4.1,(996),5.3k,87,10,120
TechnipFMC,3.9,(994),4.9k,84,38,108
Natco Pharma,4.0,(994),3.5k,56,--,89
Napino Auto & Electronics,3.9,(994),4k,67,2,79
Pizza Hut,4.1,(993),2k,50,--,83
Salcomp Manufacturing,4.0,(991),4.5k,89,5,76
Barclays Global Service Centre,3.9,(991),8k,102,--,142
Hiranandani Financial Services,4.4,(989),1k,208,18,24
Kendriya Vidyalaya Sangathan,4.3,(988),1.7k,69,--,66
Financial Software & Systems,3.6,(987),5.1k,75,12,65
VIP Industries,3.7,(986),3.1k,51,18,89
Defence Research & Development Organisation,4.4,(986),4k,78,--,92
Guidehouse,3.6,(987),5.9k,81,118,46
LOREAL,3.7,(986),3.9k,69,63,103
Astral Adhesives,3.8,(985),2.6k,57,--,61
Shriram General Insurance,3.6,(984),2.8k,42,28,54
Pricol,3.9,(984),4.3k,55,8,91
Altisource,3.5,(978),3.5k,45,12,138
JSW Paints,3.7,(976),3.3k,103,1,35
Xceedance,3.5,(975),6.8k,135,--,85
Pramerica Life Insurance,3.7,(971),2.5k,42,24,70
Adani Enterprises,3.7,(969),5k,108,10,80
LanceSoft,3.2,(969),5.7k,77,42,52
Cohance Lifesciences,3.9,(969),3.2k,42,4,45
Gannon Dunkerley & Co.,3.4,(966),1.9k,44,3,117
SFO Technologies,3.4,(966),4.9k,49,55,70
Signify,3.4,(965),4.6k,64,39,84
Navayuga Engineering Company,3.9,(965),2.5k,66,11,91
Timken,3.9,(965),4.3k,62,--,105
Amphenol Interconnect,4.2,(965),3.8k,53,13,70
Jaro Education,3.2,(964),2.3k,119,30,62
Velocis Systems,3.8,(963),5.3k,71,10,55
Nasser S. Al Hajri Corporation,3.6,(963),1.8k,42,--,98
ICCS,3.0,(962),2.9k,68,10,49
KMV Projects Limited,4.3,(961),2.3k,64,2,89
Knight Frank,4.0,(960),3.3k,61,9,80
Aristo Pharmaceuticals,3.9,(961),2.6k,55,3,71
Regulated Council of Immigration Consultants,4.9,(956),--,--,--,--
Mando Automotive,4.0,(956),4.2k,55,--,125
Bhanzu,3.7,(955),1.3k,195,1,7
Godfrey Phillips India,4.0,(953),3.3k,44,4,107
Reliance Power,4.1,(952),3.3k,68,5,73
FLSmidth,3.6,(952),4.2k,46,22,112
Episource,3.9,(952),2.7k,229,--,81
Petrofac,4.3,(951),2.4k,47,--,118
FastInfo,4.2,(951),916,115,--,358
"Commonwealth Bank of Australia, India",2.7,(951),8.2k,116,1,53
Tikona Infinet,3.4,(951),2.6k,33,6,90
Sandhar Technologies,3.7,(950),3.5k,58,30,76
Jubilant Pharmova,3.7,(950),3.3k,63,62,114
Hathway,3.4,(949),3.5k,50,4,82
CIEL HR,3.9,(949),3.3k,75,2,58
Volvo,4.0,(949),5.7k,81,7,96
Target,4.0,(947),7.2k,144,100,93
Medha Servo Drives,4.2,(946),3.2k,94,17,112
Bayer,4.0,(945),4.5k,62,--,138
Tafe Motors & Tractors,3.9,(944),3.1k,61,--,26
Steag Energy Services,4.3,(943),2.8k,52,1,107
Medhaj Techno Concept,4.0,(943),2k,61,3,166
Apotex Research,3.7,(942),2.9k,38,34,109
Naukri,4.1,(939),3.3k,232,1,120
Intellipaat Software Solutions,3.8,(939),2k,206,--,16
OCS Group,4.1,(938),2.6k,63,7,59
MAS Financial Services Ltd,3.6,(938),2.3k,58,58,46
SKH Metals,4.0,(937),2.9k,84,9,59
Greenlam Industries,4.1,(937),3.3k,67,15,59
Schlumberger,3.7,(936),5.6k,157,6,119
M3M India,4.1,(935),3.4k,69,--,42
Deepak Fertilisers and Petrochemicals,4.0,(935),3.5k,49,17,82
Re Sustainability Limited,3.8,(932),3.1k,62,38,82
Wakefit,3.9,(932),3.1k,83,18,32
Aviva Life Insurance India,3.4,(931),2.6k,37,8,67
Sundaram Clayton,3.9,(930),2.8k,36,11,93
GE Healthcare,3.9,(930),6.2k,87,1,100
HomeLane,3.3,(930),4.3k,95,60,70
Test Yantra Software Solutions,3.0,(929),26k,151,9,130
Nirma,4.3,(929),3.1k,54,28,123
Netscribes,2.7,(929),3k,95,39,73
HT Media,3.0,(926),4.8k,61,--,91
Orient Electric,3.7,(926),3.5k,66,31,59
Simplilearn,3.8,(925),4.7k,150,93,62
Experis IT,3.0,(925),3.8k,71,5,46
Amazon Sellers Services,4.0,(924),2.5k,135,--,105
Aircel,4.4,(923),1.2k,9,--,154
Ashirvad Pipes,3.8,(923),2.9k,70,25,89
Neel Metal Products,4.0,(922),2.7k,56,--,74
Nityo Infotech,3.2,(922),5k,98,40,48
Alok Industries,3.6,(921),3.4k,54,13,88
Vijay Sales,4.0,(920),2.9k,69,3,59
Michelin,3.7,(919),5.1k,68,16,115
Yashoda Hospitals,3.9,(918),3.5k,71,17,93
Sona Comstar,4.0,(914),4.1k,82,1,66
ACL Digital,3.6,(913),6.7k,94,148,48
Bosch Chassis Systems,4.1,(911),2.7k,48,--,113
Egis India Consulting Engineers,4.2,(911),2.3k,57,--,102
Ageas Federal Life Insurance,3.4,(910),2.4k,58,84,74
Integra Software Services,3.9,(908),3.2k,70,28,55
Updater Services,3.7,(908),2.9k,49,25,58
Musashi Auto Parts,3.8,(907),2.9k,45,5,77
Nibav Lifts,4.0,(906),1.8k,104,150,27
Wipro PARI,3.2,(906),3.8k,69,32,23
Alorica,3.1,(905),3.4k,94,89,25
Carborundum Universal Limited,3.7,(904),3.7k,39,23,64
Truhome Finance,3.6,(903),2.7k,61,29,51
WSP,4.2,(903),4.3k,111,30,28
Ups Logistics,3.6,(902),4.6k,88,178,81
Centum Electronics,3.5,(900),3.7k,32,8,112
RAMTeCH Software Solutions,3.7,(900),3.5k,47,12,59
Volkswagen,4.1,(900),3.1k,53,--,103
TNQ Tech Private Limited,3.5,(900),4.1k,67,27,69
Satya MicroCapital,3.7,(900),2.2k,70,4,48
H&M,3.8,(899),3.2k,122,37,80
Acme Cleantech Solutions,4.0,(899),2.7k,86,5,95
Apar Industries,4.1,(896),3.5k,65,14,51
Nlb Services,3.6,(895),3.3k,37,4,61
Silaris Informations,2.9,(894),3k,61,8,56
AJIO,3.6,(894),2.7k,65,--,98
Tata Chemicals,3.9,(893),2.8k,77,1,136
Epsilon,3.6,(894),7.5k,108,131,94
Ather Energy,4.1,(892),4.8k,76,12,39
IDEMIA,3.8,(892),3.8k,62,27,78
Magna International,3.8,(893),5.7k,54,67,69
Marks & Spencer,3.8,(890),3.2k,36,92,118
India Shelter Finance Corporation,3.8,(889),2.3k,38,10,39
BGR Energy Systems,3.8,(888),3.1k,47,--,121
Fedbank Financial Services,4.0,(890),3.1k,48,17,46
Shilpa Medicare,3.4,(885),3.8k,65,--,56
Tata Starbucks,4.0,(885),2k,64,431,109
MOURI Tech,3.6,(885),6.5k,77,77,57
Parag Milk Foods,3.9,(884),2.7k,81,2,59
Panacea Biotec,3.5,(883),2.8k,69,21,102
Athena BPO,3.3,(883),2.8k,58,4,59
Next Education India,3.2,(882),2.7k,50,21,124
Vedanta Limited,3.7,(882),3.2k,73,33,74
UKG,2.9,(883),6.6k,133,19,52
Metso,4.1,(882),3.3k,84,6,65
National Health Mission,3.5,(881),2.4k,36,--,53
Nexdigm,3.7,(881),3.5k,75,54,18
Rohan Builders,4.1,(881),2.4k,63,41,67
Future Focus Infotech,3.4,(878),4.1k,60,--,49
C.R.I. Pumps,3.9,(878),2.8k,36,6,77
Victura Technologies Private Limited,4.0,(877),3.4k,49,--,46
Torry Harris Integration Solutions,4.1,(876),4.6k,190,42,42
Parekh Integrated Services,4.0,(875),2.7k,42,22,92
Porter,3.5,(876),4k,103,101,59
Patel Infrastructure Limited,4.4,(874),2.1k,112,16,92
Tata Hitachi Construction Machinery,4.0,(874),3.2k,68,18,80
Swaraj Tractors,4.0,(873),2.9k,43,--,128
Shaktiman Tirth Agro Technology,3.8,(872),3k,64,1,84
enGen Global,3.8,(872),5.8k,76,62,59
Tata Power Solar,4.1,(872),3.3k,86,--,53
Casagrand,3.8,(873),4.5k,75,74,35
Jaya Hind Industries,3.7,(870),2.7k,65,2,62
KGISL,3.1,(870),5.4k,96,12,99
Union Bank of India,3.9,(871),2.9k,45,--,70
Rico Auto Industries,3.8,(869),3.5k,62,2,53
Sutherland Healthcare Solutions,3.7,(870),4.1k,49,--,56
Precision Infomatic M Pvt Ltd,3.8,(868),2.8k,57,6,29
Clarivate,3.7,(867),7k,96,65,48
Shivalik Small Finance Bank,4.2,(866),1.7k,108,4,75
Welspun Corp,4.0,(865),2.7k,50,--,53
LEAD School,3.2,(864),3.3k,95,21,75
Bechtel,3.9,(862),3.9k,74,152,90
Impact Infotech Pvt. Ltd.,3.4,(861),2.7k,59,--,80
IBS Software Services,3.5,(860),6.6k,122,71,72
AuthBridge Research Services,3.1,(859),3.1k,52,8,63
HP India,3.8,(859),6.1k,168,1,109
Sanden Vikas,4.0,(857),2.7k,58,10,75
Lumen Technologies,3.9,(857),4k,57,12,106
Rockwell Automation,3.7,(855),6k,90,426,77
Fareportal,3.0,(855),3.6k,46,5,101
BDO,3.2,(854),6.3k,60,1,21
Ascendion,3.2,(855),4.6k,129,200,8
Royal Sundaram General Insurance,3.7,(854),2.8k,24,34,61
Mahindra Tractors,4.1,(853),2.7k,57,--,3
RR kabel,4.1,(853),3k,73,4,50
Eris Lifesciences,3.6,(853),2.4k,47,13,77
Guardian India,3.8,(852),4.5k,64,4,87
Greaves Cotton,4.0,(850),3k,32,8,96
Greaves Cotton,4.0,(850),3k,32,8,96
K Raheja Corp,4.1,(850),3.3k,73,77,76
Luxoft,3.6,(850),5.4k,138,474,103
Syneos Health,3.6,(849),3.9k,64,163,50
Principal Global Services,3.6,(848),6.3k,86,66,103
Mahindra First Choice,3.8,(847),3k,41,10,77
Petpooja,4.0,(847),1.8k,98,52,90
Serco,4.2,(846),1.2k,33,--,136
Five-Star Business Finance,4.1,(846),2.1k,31,2,37
Orion Edutech,4.1,(845),1.4k,42,--,105
Medusind Solutions,3.5,(845),3.1k,37,24,102
Baxter International,3.8,(845),3.8k,54,74,90
Poly Medicure,3.5,(844),3k,84,22,49
Encore Capital Group,3.8,(844),2.1k,48,3,114
Duck Creek Technologies,4.5,(843),1.3k,87,12,399
eTeam,3.2,(842),3.7k,53,4,33
Zydus Healthcare,4.0,(841),2.3k,71,--,10
Rashmi Group,3.5,(841),3.4k,54,1,41
Waaree Energies,4.0,(841),3.5k,78,45,49
Rodic Consultants,4.2,(841),1.9k,48,15,75
Freshworks,3.3,(840),7.5k,186,28,60
Artech Infosystems,3.3,(838),3.9k,85,--,76
Feedback Infrastructure Services,3.4,(837),2.4k,47,8,90
Consolidated Contractors,4.3,(837),1.4k,39,--,166
Teamware Solutions,4.1,(837),3.3k,72,2,43
Vastu Housing Finance,4.1,(837),2.3k,57,7,147
DBG Technology,3.6,(838),2.3k,90,1,34
Bpo Convergence,3.4,(836),2.1k,67,4,37
Advik Hi Tech,3.7,(836),3.1k,63,11,68
FIITJEE,3.2,(836),2k,57,--,52
Dineshchandra R. Agrawal Infracon,4.0,(836),2.7k,65,32,39
Ford Business Solutions,4.1,(835),4.2k,54,12,29
Ugro Capital,3.7,(834),2.9k,48,46,28
Arvind Lifestyle Brands,4.0,(834),1.9k,22,60,1
Sunbeam Auto,3.9,(833),2.9k,55,--,53
Credence Resource Management,3.0,(834),3.4k,39,78,86
Universal Sompo General Insurance,4.4,(831),2.2k,163,9,52
Praj Industries,4.0,(831),3.4k,47,36,67
Y-Axis Overseas Careers,4.1,(830),1.5k,157,5,240
Ramco Systems,3.7,(830),5.4k,73,11,64
Linde India,3.9,(829),3.8k,58,--,91
JK Paper,3.8,(829),2.8k,67,16,75
Qualitest,3.6,(829),7.1k,93,5,31
Amber Enterprises India,3.9,(828),3k,60,15,43
Prama Hikvision India,3.5,(828),3.2k,67,9,45
Huhtamaki,3.9,(827),2.7k,27,3,88
Ramkrishna Forgings,3.5,(825),3.1k,68,10,62
Bill Gosling Outsourcing India,3.5,(824),2.9k,51,62,86
Qinecsa Solutions,2.7,(823),2.8k,64,1,1
Vijaya Diagnostic Centre,3.7,(823),2.2k,48,27,141
Jio-bp,3.6,(824),2.9k,79,1,29
Novac Technology Solutions,3.5,(822),5.5k,77,38,53
Border Security Force,4.5,(820),1.4k,18,--,82
Punj Lloyd,4.0,(820),1.6k,20,--,139
Aequs,3.4,(820),3.6k,61,15,52
Zuventus Healthcare,3.8,(817),2.3k,63,6,61
Prince Pipes & Fittings,4.1,(816),2.6k,57,19,59
Investors Clinic,3.5,(816),1.6k,76,20,32
AISIN,4.1,(814),2.8k,59,8,93
Nippon Koei India,4.7,(813),1.4k,166,7,31
RenewBuy,3.3,(812),2.9k,65,--,23
THE LEELA PALACES HOTELS & RESORTS,4.0,(815),2.3k,41,--,116
Ask Automotive,4.2,(812),3.1k,38,3,51
Fluor Corporation,4.1,(811),1.8k,32,178,8
Somany Ceramics,4.2,(811),2.7k,30,8,71
IFFCO,4.1,(811),2k,58,--,96
Progressive Techserve,3.2,(811),2.8k,45,19,68
PUMA,4.1,(810),2.6k,72,15,85
Eveready Industries,3.9,(810),2.5k,44,--,89
Chennai Radha Engineering Works,3.9,(810),2.3k,40,1,92
Maveric Systems,3.3,(809),7.3k,132,13,74
Hitachi,3.8,(808),5k,97,4,61
Indo Autotech,3.9,(807),2.8k,56,2,66
Engineers India,4.2,(807),3.4k,91,10,80
Radical Minds,2.8,(807),2.7k,68,17,37
Zidio Development,4.4,(806),113,173,--,2
Careernet,3.5,(806),4.6k,49,--,53
Wipro Consumer Care & Lighting,3.6,(806),3.8k,76,7,273
Franklin Templeton Investments,3.9,(806),3.9k,35,50,72
Denave,3.5,(805),2.8k,49,9,83
Axtria,2.7,(805),7.9k,136,96,78
Rallis India,4.0,(804),2.6k,46,14,80
JM Financial,3.8,(803),4k,61,1,35
Action Construction Equipment,3.7,(803),2.9k,74,1,44
Intex Technologies,3.6,(802),1.5k,20,5,99
Travel Food Services Ltd,4.0,(803),2.1k,51,1,63
Jai Balaji Group,3.2,(801),3.2k,56,--,67
Hilti,3.3,(801),3.7k,75,14,81
Microtek International,3.7,(802),2.8k,54,4,55
Wabtec,3.8,(799),4.3k,63,8,53
Creative Synergies Group,3.9,(798),2.4k,30,14,18
Wapcos,3.1,(797),2.3k,42,--,43
First Advantage,3.4,(797),4.6k,32,33,61
People Tech Group,2.3,(798),5.4k,89,16,35
Toyo Engineering,4.0,(797),3.7k,62,2,82
Forever Living Products,4.2,(796),1.7k,79,--,54
Hitachi Digital Services,3.5,(796),2.3k,70,208,51
Lenovo,4.0,(795),4.3k,60,10,62
Celebal Technologies,3.0,(794),4.8k,143,37,22
Pratap Technocrats,3.7,(795),1.9k,37,2,43
Lea Associates South Asia,4.3,(794),1.9k,34,--,84
Ksb Pumps,3.7,(793),3.4k,58,134,43
Padget Electronics,3.8,(791),2.9k,85,--,30
Neurealm,3.4,(791),6.7k,102,72,55
Edubridge Learning,3.8,(791),1.3k,67,78,156
NTT,3.9,(789),4.9k,72,1,62
Allied Digital Services,3.1,(789),3.5k,68,8,35
Fidelity International,3.5,(788),5.9k,62,100,85
Fleetguard Filters Private Limited,4.3,(788),2.8k,53,15,61
Reliance Smart,4.1,(788),2.2k,37,--,26
ManipalCigna Health Insurance,3.7,(787),3.1k,45,175,46
JioStar,3.5,(785),4.9k,65,142,25
Transrail Lighting,4.0,(785),2.7k,61,9,53
Alivus Life Sciences,3.8,(785),4.1k,42,--,45
Sterling Tools,4.5,(785),1.2k,233,11,33
Protiviti,3.0,(784),5.6k,73,7,23
Forvia Hella,3.7,(784),3.6k,51,67,81
Quatrro Business Support Services,3.2,(782),2.5k,62,4,86
Amadeus,3.7,(782),7.6k,128,33,94
Bses Rajdhani Power,3.8,(782),2.8k,60,--,67
Eastman Auto and Power Limited,3.9,(782),2.2k,111,7,36
Skill Lync,3.1,(781),3.5k,92,--,28
VA Tech Wabag,3.8,(781),3k,61,18,89
ESL Steel,3.8,(780),2.1k,38,--,90
Central Industrial Security Force,4.3,(780),2k,24,--,77
Aurigo Software Technologies,4.6,(780),1.1k,36,26,136
Creambell,3.9,(780),2.1k,44,2,77
Assystem,3.2,(780),2.2k,51,148,4
Bunge India,3.9,(780),3.2k,50,415,62
Neuland Laboratories,4.0,(779),3k,56,10,73
Mindsprint,3.5,(780),4.6k,71,12,109
National Informatics Centre,3.9,(778),4.3k,44,--,28
Ameriprise Financial,3.7,(778),5.3k,75,3,101
Exicom,4.0,(777),3.1k,61,8,74
Times Internet,3.4,(777),5.5k,74,5,72
Bitwise Solutions,3.7,(777),4.5k,59,3,128
BNP Paribas India Solutions,3.6,(776),6.4k,82,1,115
Volkswagen Group Digital Solutions [India],3.9,(776),5.1k,84,101,3
TO THE NEW,3.6,(775),6k,155,91,96
Sharda Motor Industries,3.7,(774),2.9k,57,17,87
Vaaman Engineers,3.7,(774),2.3k,75,10,61
Mott MacDonald,3.9,(774),2.9k,58,160,53
Steel Authority Of India,4.1,(773),2.2k,51,--,59
CMS Computers Limited (INDIA),3.7,(772),3.3k,43,10,58
Wipro Infrastructure Engineering,3.7,(771),4k,63,13,89
India Japan Lighting,4.1,(771),2.7k,68,6,72
UnitedLex,2.6,(771),3.8k,75,44,61
Zee Entertainment Enterprises,3.4,(770),4.4k,57,37,51
HSBC Software Development,4.0,(769),7.9k,29,--,3
McDermott International,4.2,(769),3.6k,65,64,75
Veradigm,3.7,(769),3.5k,43,66,1
Finolex Cables,3.7,(768),2.6k,45,12,49
Greenply,3.8,(768),2.5k,57,2,53
Google Operations Center,3.5,(765),4.3k,104,--,49
JSW Energy,4.1,(764),4k,61,12,42
Stellantis,3.4,(764),5.4k,68,--,24
Livguard,3.9,(763),2.4k,45,--,16
Samsung E&A,4.0,(762),2.4k,72,--,113
Eugia Pharma Specialities,4.0,(762),2.9k,49,--,38
Integreon,3.2,(761),4k,57,36,86
Religare,3.6,(761),2.5k,36,23,32
Hapag-Lloyd,3.8,(761),3.2k,30,3,74
Smollan Group,3.9,(761),1.9k,51,7,43
Better.com,3.0,(760),3.8k,56,8,122
India Cements,3.8,(760),2.7k,53,8,66
Rackspace,3.6,(760),4.6k,86,6,60
Brane Enterprises,2.1,(760),3.7k,151,--,20
BCD Travel,4.3,(759),1.8k,152,12,40
Trianz,3.7,(759),4.8k,61,45,61
LifeCell International,3.3,(759),2.9k,53,59,70
R.V.R. PROJECTS,3.8,(759),1.9k,71,17,34
Primus Global Technologies,3.7,(758),3.2k,26,--,62
RITES,3.9,(758),2.6k,41,4,63
Care Hospital,4.1,(758),2.2k,36,77,69
LG Soft India,2.6,(757),4.7k,116,40,73
Boeing,3.8,(756),7.1k,103,28,66
Dunzo,3.5,(756),3.1k,71,--,26
Electrosteel Casting,3.6,(755),2.9k,57,--,42
EMERSON PROCESS MANAGEMENT,4.0,(754),4.6k,66,--,77
CADD Centre Training Services,3.9,(752),2k,38,4,91
Deepak Nitrite,3.8,(753),3.2k,52,36,74
Isuzu Motors,4.1,(752),3k,56,1,89
1 India Family Mart,4.6,(751),1.5k,39,--,42
KreditBee,3.7,(751),3.5k,69,29,43
B. G. Shirke Construction Technology,4.1,(749),2.7k,44,11,90
Genus Power Infrastructures,3.9,(749),3k,71,2,53
Redcliffe Labs,3.9,(749),1.9k,72,18,61
ASG Eye Hospital,3.5,(749),1.8k,62,111,40
Mswipe Technologies,3.2,(748),2.4k,36,5,57
Sun Life Financial,3.8,(748),4.2k,55,198,115
ReSource Pro,3.7,(748),4k,139,36,55
V-Trans,3.8,(748),2k,34,--,56
bp,3.7,(747),4.8k,97,27,33
Sterlite Power,4.1,(747),3.3k,40,17,72
BDO INDIA SERVICES PRIVATE LIMITED,3.1,(746),3.9k,94,186,43
Galfar,3.8,(746),1.9k,32,--,83
AI Airport Services,3.2,(747),1.7k,49,--,7
SLK Global Services,4.0,(744),2.5k,35,1,95
Mitsubishi Electric India,4.2,(745),3k,48,7,62
The Akshaya Patra Foundation,4.4,(744),2k,62,9,65
Delta Electronics,3.8,(745),3.7k,69,4,45
Turtlemint,3.7,(744),2.6k,60,4,34
Ag Industries,4.0,(743),2.8k,60,10,59
Koch Business Solutions,3.1,(743),5.2k,71,--,50
McKinsey & Company,3.8,(742),8.8k,252,7,68
OLX India,3.8,(741),3.3k,69,11,113
Home First Finance Company India,3.5,(740),2.7k,67,296,30
Evision Technoserve,4.8,(740),213,324,--,24
GirnarSoft,3.6,(739),3.3k,35,4,99
Tredence,3.3,(739),7.1k,154,174,50
Shalby Hospitals,4.2,(737),2.2k,113,56,57
BDO RISE Private Limited,3.6,(737),3.3k,98,28,31
Nvidia,3.5,(736),5.6k,134,279,70
Razorpay,3.4,(737),7k,178,5,45
Indusind Marketing & Financial Services,3.7,(735),1.6k,33,--,61
Tavant Technologies,3.8,(733),6.4k,81,75,94
URC Construction,3.6,(733),2.6k,75,--,34
TDK India Private Limited,3.9,(733),2.3k,47,29,62
Molex,3.9,(732),4k,71,--,65
Kissht Finance,3.9,(733),2.1k,97,28,56
Molex,3.9,(732),4k,71,--,65
Expleo Solutions,3.5,(731),4.8k,75,3,27
Bikanervala,3.9,(731),2.1k,31,--,61
Bristlecone,3.6,(730),6.2k,76,102,57
Bahwan CyberTek,3.3,(729),5k,53,401,28
Rentokil Pest Control,3.5,(730),2.1k,44,346,76
DuPont,4.2,(726),3k,45,18,96
Vertex Customer Solutions,3.6,(726),1.1k,16,--,87
Thriveni Earthmovers,3.9,(725),2.6k,65,--,91
Lavender Technology,4.9,(724),19,4,--,53
Medreich,3.9,(724),3k,63,5,71
Infor Global Solution,3.9,(724),6.9k,85,5,68
Cotiviti,3.5,(724),4.8k,90,24,58
Biba Apparels,3.5,(723),2.2k,51,--,68
Visteon,3.1,(723),4.7k,63,226,50
NecLife,3.5,(722),2.3k,62,2,55
Goodyear,3.5,(722),2.7k,75,13,53
Jubilant Ingrevia,3.8,(723),3k,55,--,27
PrimEra Medical Technologies,3.5,(721),4k,73,23,43
BSH Home Appliances Group,3.8,(721),2.6k,39,8,6
Central Bank of India,3.9,(721),1.6k,46,--,39
Gartner,3.8,(720),6.8k,101,47,26
Amrit Cement,3.9,(719),1.5k,86,26,33
Wow Momo Foods,4.1,(719),2k,115,10,21
Lohia Corp,4.1,(717),2.5k,84,2,50
Ramky Infrastructure,4.2,(717),2k,54,--,68
Apple,4.3,(717),5.7k,175,173,55
Vindhya Telelinks,4.0,(717),2.1k,50,--,39
ffreedom app,3.4,(716),1.5k,64,--,1
CtrlS,3.6,(717),3.3k,59,6,93
Diebold Nixdorf,3.6,(716),3.6k,56,16,88
Dodla Dairy,4.2,(716),2k,46,16,60
Wolters Kluwer,3.8,(715),5.2k,96,10,56
Raychem RPG,3.7,(715),2.5k,34,2,96
Lovely Professional University,3.3,(714),2.1k,66,6,53
TTK Prestige,3.8,(714),2.6k,52,17,53
Ness Digital Engineering,3.2,(714),5.7k,73,24,11
Nephroplus,3.9,(714),3.1k,232,9,51
uFaber,2.3,(713),1.4k,54,--,57
Technotask Business Solutions,3.4,(713),2.1k,65,3,13
Progressive Infovision,3.9,(712),1.1k,62,--,76
Patel Engineering,4.1,(713),2.4k,47,--,55
Asb International,3.6,(712),2.8k,38,--,55
Vizag Steel,3.9,(711),1.7k,36,--,54
Moglix,3.3,(711),3.7k,70,42,53
Mynd Solutions Private,3.7,(710),3.2k,36,--,43
Nomura Holdings,3.6,(711),7.2k,84,304,90
Joyalukkas,4.6,(710),1k,191,2,193
IHG,3.6,(709),2.7k,40,104,91
Bharat Serums and Vaccines,3.9,(709),2.4k,31,14,64
Radico Khaitan,4.0,(709),2.1k,69,--,41
TransUnion,3.6,(710),6.5k,105,46,61
Magic Bus India Foundation,3.9,(709),1.8k,50,29,55
XcelServ Solutions,4.4,(708),415,12,--,11
Wuerth,3.5,(709),2.4k,46,10,77
Bisk Farm,4.0,(708),1.4k,31,20,49
HRH Next Services,3.0,(707),2k,56,--,54
Elite Elevators,4.2,(706),1k,53,1,73
PPG Asian Paints,3.8,(705),2.9k,45,4,66
Capco Technologies,3.8,(705),5.3k,99,182,53
Capco Technologies,3.8,(705),5.3k,99,182,53
Kaar Tech,4.3,(704),2.2k,235,23,13
InternEzy,4.9,(704),5,138,4,125
YOKOGAWA,3.8,(706),3.8k,63,90,83
Transsion,3.9,(704),2.6k,40,5,70
SG Analytics,2.5,(703),3.8k,84,17,52
Emami Agrotech,3.9,(702),2.6k,46,12,56
LEAP India Limited,4.6,(702),1.3k,32,4,33
Blue Yonder,3.5,(701),7.7k,74,150,73
TCNS Clothing Company,4.1,(701),1.5k,27,2,62
Flash Electronics,3.5,(700),2.5k,36,--,60
Keventer,3.8,(700),2.2k,35,2,59
Autoliv,3.9,(701),2.9k,43,5,56
North East Small Finance Bank,3.5,(700),1.8k,29,--,44
Csc E Governance Services,3.7,(701),1.7k,47,11,44
VRL Logistics,3.8,(699),1.7k,27,1,39
Bridgestone - Global Capability Center,4.0,(700),2.9k,50,19,62
BrightCHAMPS,4.3,(699),1.2k,107,29,52
Micro Turners,3.8,(698),2.2k,35,4,51
Samunnati,4.5,(698),949,84,--,287
Rane NSK Steering Systems,4.0,(697),2.1k,42,--,67
Titan Eye Plus,4.1,(697),1.5k,41,--,58
Orient Technologies,3.7,(697),3k,49,6,46
Quislex Legal Services,4.1,(698),1.8k,39,3,58
ChannelPlay,3.8,(697),2k,32,8,96
BASF,4.3,(697),2.5k,36,11,67
Mahindra Integrated Business Solutions,3.3,(699),2.7k,46,3,24
HSBC Bank,3.9,(696),3k,45,1,22
Triveni Engineering & Industries,4.1,(696),2.5k,51,4,60
Tejas Networks,3.8,(696),4.2k,93,--,28
Leverage Edu,4.0,(696),1.8k,69,19,11
Magic EdTech,3.5,(696),3.7k,96,14,32
NSB Bpo Solutions,2.8,(697),1.7k,36,--,37
Sykes Business Services Of India,3.4,(696),2.5k,53,30,205
TVS Electronics,3.6,(696),2.4k,33,12,70
Medtronic,3.9,(695),4.7k,82,112,64
Caparo Engineering India,3.9,(695),2.5k,35,--,63
Surya Roshni,4.1,(694),2.3k,23,11,50
Lionbridge Technologies,3.5,(693),3.8k,52,8,63
Teamlease Digital,3.3,(693),3.4k,39,4,49
R.S. Infraprojects,4.0,(692),1.7k,41,2,63
Testbook.com,3.3,(692),4.5k,111,1,23
HCL Healthcare,4.5,(692),1k,178,8,25
Orient Cement,4.4,(691),2.4k,48,6,81
Doosan Power Systems,4.3,(691),2.5k,44,--,83
Cohesity,3.9,(691),5.2k,87,21,83
CJ Darcl Logistics Limited,4.0,(690),2k,45,1,47
MPS Limited,3.5,(690),3k,39,16,44
Kurlon,4.3,(689),2.1k,37,8,89
Neeyamo Enterprise Solutions,3.5,(689),4.1k,71,6,69
Welspun World,3.7,(689),2.6k,60,102,85
Wissen Infotech,3.5,(689),5k,64,44,59
Wissen Technology,3.8,(689),5.5k,213,86,88
Bayer Crop Science Vegetable Seeds,4.2,(688),1k,38,--,4
Vasudha Pharma Chem,4.0,(688),2.3k,38,18,64
Livpure,3.8,(688),2.3k,41,18,51
Solv,3.4,(687),1.8k,46,--,18
Corteva Agriscience,4.3,(687),2.7k,41,7,59
PCBL Chemical Limited,3.9,(686),2.6k,74,--,52
Embibe,3.4,(685),2.7k,61,--,85
Grihum Housing Finance,3.7,(685),2.2k,33,41,12
Dhanuka Agritech,3.6,(685),1.9k,50,2,60
ANAROCK Property Consultants,3.5,(684),3.2k,66,82,36
CSC,3.6,(684),4.7k,68,50,4
Narayana e-Techno School,3.6,(684),2.1k,56,--,30
Redington,4.1,(683),3.1k,37,--,72
Impetus Technologies,3.2,(683),6.5k,116,67,58
Office Beacon,4.5,(683),896,68,1,16
Toppr,3.4,(682),3k,66,--,94
SMC Global Securities,3.5,(681),2.6k,60,10,29
EPL Limited,3.8,(681),1.8k,30,5,70
JoulestoWatts Business Solutions,3.4,(681),3.4k,80,--,16
Saint Gobain Glass,3.9,(679),2.1k,31,--,2
Housing.com,3.5,(679),3k,81,83,71
Ingram Micro,3.6,(678),3.4k,33,--,67
Osource Global,3.5,(678),2.8k,27,27,4
Quess IT Staffing Solutions,3.2,(678),1.5k,45,--,9
Krsnaa Diagnostics,3.5,(677),1.7k,53,36,33
My Home Industries,4.1,(676),2.3k,44,8,62
Surin Automotive,3.8,(675),2k,61,--,32
Optimum Infosystem,3.2,(675),3.6k,59,94,17
Indorama,3.9,(674),2.3k,43,12,41
Sintex BAPL,3.6,(674),2.4k,43,4,72
DAV Public School,3.9,(673),1.2k,37,--,87
Nihilent,3.2,(673),4.9k,65,32,52
Zaalima Development,4.3,(681),18,229,--,27
Snapdeal,3.5,(673),2.8k,78,38,121
TCI Express,3.9,(672),1.9k,47,2,58
Belstar Microfinance,3.9,(672),1.6k,43,--,20
DeHaat,3.6,(673),2.1k,70,6,22
Government of India,4.2,(672),3.9k,69,--,87
TDS Lithium-Ion Battery,4.2,(672),2.3k,98,--,34
Licious,3.5,(672),3.1k,78,9,86
Careon Healthcare Solutions,3.9,(671),3.1k,10,--,3
Sigma Engineered Solutions,3.9,(670),2.6k,33,--,16
NextComm Corporation,4.8,(669),39,6,--,31
Centaur Pharmaceuticals,3.5,(668),2.9k,38,3,46
Quality Austria Central Asia,3.5,(668),1.9k,31,14,54
Carrier,3.7,(668),4.8k,55,5,44
PeopleStrong,3.3,(667),3.3k,55,1,47
Tata Power Delhi Distribution,3.8,(667),2.9k,37,3,67
Omaxe,4.2,(666),2.2k,40,4,53
Future Supply Chain Solutions,4.4,(666),2.1k,22,--,91
Corporate Infotech,3.7,(665),2.4k,89,4,21
Finova Capital,3.9,(666),1.6k,30,24,26
BankBazaar,3.2,(665),2.9k,62,21,64
National Stock Exchange of India,3.5,(665),4.6k,56,--,39
MAQ Software,3.0,(666),4.1k,175,3,28
Kutumbh Care,3.9,(663),1.6k,33,--,56
Epicenter Technologies,3.4,(663),2.2k,45,6,77
Marlabs,3.5,(663),5k,43,7,52
Suroj Buildcon,4.0,(663),1.7k,40,7,61
NiCE,3.6,(663),4.7k,103,64,65
Chaitanya India Fin Credit,4.1,(662),1.6k,38,--,29
Times Group,3.7,(662),4.7k,34,10,80
Anudip Foundation,4.0,(661),1.3k,213,15,43
Collegedunia,3.2,(661),3.4k,141,20,39
Inspirisys Solution,3.7,(661),3.8k,65,52,28
Yatra,3.3,(660),3.1k,39,3,60
Celebi Aviation Holding,4.0,(660),1.1k,37,--,3
Yatra,3.3,(660),3.1k,39,3,60
Hetero Healthcare,3.5,(660),2.3k,37,9,49
Healthians,4.0,(660),2k,146,--,24
Qatar Airways,3.4,(659),2.1k,72,4,63
RealPage,3.5,(659),4.3k,80,5,58
Vikram Solar,3.5,(658),2.4k,41,6,57
FCC Clutch,3.9,(659),2.3k,46,3,38
Pennar Industries,3.5,(657),3.1k,39,6,64
SOLAR INDUSTRIES INDIA,3.7,(657),3.2k,77,20,47
AML RightSource,2.5,(657),3.8k,67,22,19
Cogoport,3.2,(656),1.9k,58,--,6
Kaizen IT Services,3.8,(656),1.3k,38,--,22
Ramboll,4.0,(656),3.3k,47,136,70
3M,4.0,(656),3.3k,42,134,65
Fiat India Automobiles,3.5,(655),2.3k,47,9,58
TIAA Global Business Services,3.7,(655),5k,52,8,122
Gainwell Commosales,4.0,(654),2.4k,46,6,54
Motilal Oswal Wealth Management,4.4,(654),446,44,--,20
Monte Carlo,4.2,(653),2.5k,37,8,47
Forbes Marshall,3.9,(653),2.8k,47,45,55
Myk Laticrete,3.8,(653),2.3k,29,38,35
Alshaya Group,3.7,(652),2.3k,50,2,84
Me n Moms,4.1,(652),1.1k,153,5,41
Avaada Group,4.3,(652),2.4k,68,65,45
ICA Edu Skills,3.8,(652),1.4k,42,17,57
GKN,3.9,(651),2.4k,43,37,84
Airports Authority of India,4.3,(650),1.8k,56,--,72
Danfoss Industries,3.8,(650),3.5k,45,6,68
Kiya.ai,4.0,(650),4.3k,51,180,28
Talentpro,3.8,(650),2.4k,35,27,51
Geojit Financial Services,3.4,(649),2.2k,55,5,49
Blackrock,3.5,(649),7.8k,121,--,66
Uno Mindarika,4.0,(648),2k,52,--,58
South Indian Bank,3.3,(648),3.2k,49,--,37
ACKO,3.3,(648),3.2k,66,16,29
Philips Innovation Campus,3.7,(648),4.6k,58,--,47
The Lalit,3.3,(648),1.6k,26,11,81
Ferrero,3.9,(648),2.1k,31,14,69
TVS Eurogrip,3.6,(648),2.1k,34,14,38
NoBrokerHood,2.7,(647),2.1k,68,2,212
Ebixcash Global Services,3.2,(646),2.2k,59,30,11
Videocon d2h,3.8,(646),1.2k,31,--,105
Varun Motors,3.7,(646),2.2k,25,1,56
Global Healthcare Billing Partners,3.3,(646),3.8k,47,79,17
Sapphire Foods India,3.8,(645),2.1k,38,20,55
Varthana,4.0,(645),1.4k,47,11,61
Sir H. N. Reliance Foundation Hospital and Research,4.3,(645),1.2k,170,20,19
InsuranceDekho,3.5,(645),2.3k,81,44,10
NRB Bearings,4.0,(645),2.1k,53,48,66
B.L. Kashyap & Sons,3.7,(645),1.7k,70,9,54
Avalon Technologies,3.8,(646),3.5k,43,12,44
UKB Electronics Limited,3.5,(644),2.3k,55,28,98
Electrotherm,4.2,(644),2.9k,41,15,59
Sandvik Asia,4.1,(643),1.6k,33,--,93
Vyapar,3.6,(643),2.5k,83,118,41
ExportersIndia,4.9,(643),130,32,--,11
Maharashtra Seamless,3.5,(642),2.3k,63,2,44
Manjushree Technopack,3.5,(641),2.8k,50,15,57
Hamilton Housewares,3.8,(641),2.8k,44,69,36
Emids Technologies Limited,3.6,(641),5.1k,49,17,70
Hamilton Housewares,3.8,(641),2.8k,44,69,36
Infinity Learn,4.1,(642),2.2k,103,148,6
Khazana Jewellery,3.9,(642),1.8k,66,10,57
Schwing Stetter,3.8,(641),2.7k,48,95,54
IDBI Intech Limited,3.2,(640),3.1k,58,7,49
Mount Litera Zee School,3.7,(640),1.5k,42,14,70
NetConnectGlobal,3.1,(640),2.7k,33,168,31
Data Entry,4.2,(640),1.9k,137,--,54
Suraksha Diagnostic,3.7,(640),1.6k,52,26,44
Tecnimont,3.8,(639),2.8k,43,76,64
Central Reserve Police Force,4.6,(639),1.3k,10,--,46
Sasken,3.6,(639),4.4k,93,37,53
Reliance Jewels,3.9,(639),1.3k,38,--,51
Continental,3.7,(638),3.7k,59,91,53
Kirloskar Ferrous Industries,3.6,(638),2.2k,35,2,34
Turbo Energy,4.1,(637),2k,25,--,80
Action Tesa,3.9,(637),1.5k,113,11,16
Cashify,3.9,(634),2.8k,53,3,37
Sapiens,3.1,(634),5.5k,67,17,66
Suma Soft,3.5,(633),3.2k,52,19,45
HDFC Asset Management Company,4.1,(633),2.5k,48,--,30
Trigent Software,3.3,(633),4k,81,--,38
Annalect,3.4,(632),4.3k,83,--,18
Shriram Automall,4.0,(631),1.4k,55,--,117
HashedIn by Deloitte,3.8,(631),6.2k,149,18,52
Finastra,3.6,(631),4.6k,63,19,75
Sterling Oil Exploration & Energy Production,3.5,(630),1.4k,73,3,37
Dr. Batras' Positive Health Clinic,3.7,(630),1.1k,23,10,38
Adani Cement,3.4,(630),2.4k,62,--,9
Pyramid IT Consulting,3.1,(631),2.9k,28,3,46
Sl Lumax,3.4,(630),2.3k,30,3,88
Kajaria Ceramics,3.9,(629),2.1k,32,5,52
Godrej Industries,4.0,(629),2.9k,60,153,67
Nucleus Software Exports,3.1,(629),4.3k,48,4,76
Varindera Constructions,4.4,(629),1.4k,51,8,31
Nspira Management Services,3.7,(629),2.5k,39,39,26
Eli Lilly and Company,3.3,(629),5k,83,27,70
Royaloak Incorporation,3.6,(629),1.6k,43,5,15
Medcode,3.8,(628),513,14,15,1
Crowne Plaza,4.1,(628),1.3k,23,--,113
Einfochips,3.5,(628),4k,78,173,53
IRB Infrastructure,3.9,(628),1.4k,30,29,60
Jubilant Agri and Consumer Products,3.9,(627),2k,38,--,32
Sudarshan Chemical Industries,3.9,(627),2.8k,35,11,48
Finolex Industries,3.7,(627),2.4k,50,1,25
Aster Dm Healthcare,3.7,(626),3.1k,60,49,35
EaseMyTrip.com,4.0,(626),1.4k,70,32,219
Renovision Automation Services,3.3,(625),1.8k,27,14,41
Okaya Power,3.7,(625),2.2k,44,20,50
CSM Technologies,4.0,(626),2.2k,36,16,24
Cyfuture,2.9,(624),2.8k,108,38,78
Shivam Autotech,3.5,(624),2.3k,37,4,47
Mrs Bector's Food Specialities,3.8,(625),2k,33,22,34
Fiem Industries,3.7,(623),2.7k,29,11,55
Sintex Industries,3.9,(623),2k,25,9,57
Becton Dickinson,3.9,(622),3.5k,37,43,47
Karvy Stock Broking,3.6,(622),1.5k,9,--,70
The Saraswat Co-operative Bank,3.2,(622),3.1k,29,3,27
C5i,4.2,(622),3k,55,25,33
Mavenir Systems,3.3,(621),3.6k,63,14,47
Super Smelters,3.6,(621),2.2k,42,--,44
Family Health Plan,3.7,(622),2.1k,45,2,35
Rocket India,4.0,(621),3.8k,119,15,33
Hpl Electric & Power,3.7,(621),2.3k,70,6,28
Toyoda Gosei Minda,4.2,(620),1.9k,34,--,54
ITC Limited Foods Division,3.9,(620),2k,79,--,69
BMC Software,3.9,(620),3.9k,52,52,82
ThoughtWorks,4.0,(620),7.3k,178,13,50
Heidelberg Cement,4.0,(619),2k,37,1,43
Gestamp,3.7,(619),2.2k,25,--,67
BT E Serv,3.9,(618),2.7k,55,1,134
AgroStar,4.0,(618),1.6k,63,3,68
IKEA,4.0,(618),2.3k,52,2,58
Netmeds.com,3.9,(618),2.3k,50,--,31
Ongc Petro Additions,4.0,(618),3.3k,35,--,77
DHL Global Forwarding,3.8,(617),3.1k,39,3,77
Jayaswal Neco Industries Limited,4.1,(617),2.1k,37,16,48
Anmol Industries,3.9,(616),1.8k,68,--,51
Ofbusiness,2.9,(616),2.7k,52,68,24
Hitachi Systems Micro Clinic,4.0,(615),2.6k,32,--,72
Bharat Biotech International,3.1,(615),2.3k,67,11,38
Consulting Engineers Group,4.0,(615),1.8k,48,4,44
CSG International,3.5,(615),4.3k,61,2,47
FNP,3.7,(615),2.5k,76,19,30
HLL Lifecare,3.7,(614),1.8k,49,5,47
Pinnacle,3.4,(614),3k,63,21,57
VDA Infosolutions,3.8,(614),1.9k,55,1,26
APL Apollo Tubes,4.1,(615),2k,55,5,23
Jain Irrigation Systems,3.6,(613),1.9k,32,--,51
Grab A Grub Services,4.0,(612),2k,38,1,31
Royal Caribbean International,4.1,(611),709,34,--,65
Lulu International Shopping Mall,3.7,(610),2.7k,45,--,22
United Colors of Benetton,4.4,(610),1.4k,24,2,68
Holiday Inn,3.8,(610),1.4k,18,2,74
BAXY Limited,4.0,(610),2.1k,35,1,55
Perficient,3.7,(610),4.6k,49,13,31
EdgeVerve Systems,3.3,(610),4.4k,70,40,71
Accion Labs,3.5,(609),5k,85,47,45
Jaipur Rugs,4.2,(608),862,73,5,30
Hettich,3.6,(608),2.5k,44,11,41
Laxmi Organic Industries,3.6,(608),2.2k,48,13,52
MothersonSumi INfotech & Designs,3.4,(608),3.6k,39,25,58
Carnival Cruise Lines,4.1,(608),674,25,--,77
DealShare,3.6,(608),2.6k,42,--,35
Blackberrys,3.7,(607),1.8k,34,3,50
Expleo Group,3.5,(607),5.9k,49,91,23
Vedang Cellular Services,3.8,(607),1.8k,30,15,36
Kauvery Hospital,3.9,(607),2.3k,38,23,23
Pathkind Diagnostics Private Limited,3.9,(606),1.9k,56,15,50
Allianz Services,4.0,(607),2.5k,33,6,51
Aurionpro Solutions,3.4,(605),3.7k,39,13,35
Dhani Services,3.6,(604),1.2k,22,--,6
SIS Prosegur Holdings,3.4,(604),1.5k,21,6,46
Orra Fine Jewellery,3.5,(604),1.8k,53,48,31
Polaris Consulting,4.2,(603),2.6k,33,--,93
Iron Mountain Inc,3.7,(603),3.2k,35,145,51
Maxicus,3.9,(603),769,135,--,78
Dr. Reddy's Foundation,3.7,(602),1.8k,58,28,80
Inspira Enterprise India Limited,3.6,(601),3.6k,51,5,39
Premier Energies,4.0,(602),2.2k,52,28,32
Ambit Finvest,4.0,(600),2k,30,8,21
Colt Technology Services,4.2,(600),3.3k,25,18,82
Apitoria Pharma,4.2,(600),947,41,7,1
NLC India Limited,4.4,(599),1.3k,32,--,24
Medley Pharmaceuticals,3.8,(599),1.8k,39,25,41
IDP Education Limited,3.6,(599),2.5k,71,11,53
Vadilal Industries,4.1,(599),1.8k,38,7,66
Ascent HR Technologies Private Limited,3.6,(598),1.8k,47,13,22
IKF Finance,4.0,(598),1.4k,32,6,28
Bridge & Roof Co,3.4,(597),2.5k,27,--,102
Excitel Broadband,3.7,(597),2k,60,4,30
QSpiders,3.7,(599),1.8k,101,--,23
Cvent,3.2,(597),4.9k,103,62,57
ArcelorMittal,4.0,(596),3.4k,45,8,30
Fenesta Building Systems,4.0,(596),2k,41,19,45
HUDL,3.2,(596),2k,64,1,31
ShareChat,3.6,(595),2.6k,87,9,43
Affinity Express,2.8,(595),2.5k,40,2,42
Congruex Asia Pacific,3.7,(595),2.1k,75,4,45
Paytm Payments Services,3.2,(595),1.4k,24,2,10
Ugam Solution,3.5,(594),3.3k,51,--,96
Columbia Asia,4.6,(594),1.4k,19,--,99
Maharashtra State Electricity Distribution Company,4.2,(594),1.2k,25,--,42
Pamac Finserve,3.1,(594),1.7k,32,--,26
Efs Facilities Services,3.8,(594),1.4k,42,6,60
Saudi Aramco,4.4,(594),1.5k,61,--,80
PTC,4.2,(595),4k,70,21,57
Coal India,3.9,(593),1.9k,54,--,72
Gandhi Automations,4.0,(593),1.3k,42,2,103
Country Delight,3.9,(593),2.5k,45,8,11
Empower,4.0,(593),4.4k,62,11,43
Jindal Poly Films,3.6,(592),2.4k,40,--,53
SAEL Industries Limited,4.0,(593),2.1k,55,37,29
Prochant,3.8,(592),2.5k,74,25,37
Magma General Insurance Limited,3.7,(592),2.4k,43,26,38
PayU Payments,3.3,(592),4.4k,70,122,50
Crystal Crop Protection,3.9,(591),1.9k,25,3,45
Jubilant Generics,3.9,(591),2.3k,20,--,71
PureSoftware,2.9,(591),3.7k,70,29,39
Capital Numbers Infotech,4.1,(590),1.2k,48,11,88
Damco Solutions,3.4,(590),2.3k,45,83,24
Alcon,3.8,(590),3k,44,32,48
Kellogg,4.2,(590),2.3k,31,5,74
McCain Foods,4.1,(590),1.7k,38,5,50
AVTEC,3.5,(589),2.1k,26,16,58
Army Public School,4.0,(589),1.2k,43,--,56
Equifax,4.0,(589),2.7k,126,9,28
Prestige Group,4.3,(587),2.6k,50,19,54
Sandoz,4.0,(587),2.6k,26,--,53
Axiscades,3.1,(587),3.8k,65,16,32
MR.DIY,3.4,(587),1.6k,52,5,15
Quest Retail Private Limited,3.9,(586),936,16,2,246
Vishwa Samudra Engineering,3.5,(586),1.7k,38,1,12
Paramount Health Services Tpa,3.9,(586),2.3k,35,22,38
Voyants Solutions,3.6,(586),1.7k,60,166,32
Matrimonialsindia,4.9,(586),117,13,--,6
smartData Enterprises,3.8,(586),1.6k,72,16,81
BEML,3.6,(586),1.7k,29,--,60
Titan Engineering & Automation,3.8,(586),3.5k,39,25,36
Hilton,4.2,(586),1.5k,29,169,69
Unified Mentor,4.1,(586),418,129,4,2
Maxop Engineering Co.,4.1,(586),2.4k,49,9,30
UTL Solar,3.5,(585),1.8k,64,27,30
J K Fenner,3.8,(584),2k,37,11,48
Wood Group,3.7,(584),2.9k,68,72,27
Genesys International Corporation,3.1,(583),2.3k,23,1,53
BUSINESSNEXT,3.4,(582),4k,77,7,26
Icl Fincorp,4.7,(582),654,143,21,1
Toyota Industries Engine India,4.3,(581),1.6k,32,--,69
Baker Hughes,4.1,(581),4.2k,65,100,62
Dishman Carbogen Amcis,3.6,(581),2.1k,38,38,34
Andritz Hydro Location India,3.9,(581),2.9k,36,4,46
AVIOM,4.0,(580),1.2k,32,1,15
Vindhya e-Info Media,3.9,(580),1.2k,65,2,35
Mahendra NextWealth IT,3.3,(582),2k,26,8,19
NAV Backoffice,3.8,(580),2.5k,38,2,28
Lear Corporation,4.0,(580),3k,25,6,67
Applied Materials,3.7,(580),5k,91,173,62
Hitachi Cash Management Services,3.2,(580),1.3k,43,6,37
GAMMON INDIA,3.8,(580),1.1k,32,--,75
TSYS|Total System Services,4.1,(579),4.3k,68,17,10
Transport Corporation Of India,3.8,(579),1.9k,39,--,62
Datamatics Business Solutions,3.3,(579),2.6k,48,6,34
Paras Dairy,3.4,(578),1.7k,33,6,51
AM Infoweb,3.9,(578),1.5k,94,16,61
Western Refrigeration,3.8,(578),2.4k,42,40,39
Marelli,3.5,(577),2.8k,48,12,73
Bajaj Consumer Care,3.8,(577),1.4k,34,8,46
HBL Power Systems,4.0,(576),2.2k,34,14,56
FiveS Digital,3.3,(576),1.6k,59,8,8
WayCool Foods and Products,3.4,(575),2.8k,43,--,35
Amway India Enterprises,4.1,(575),2.1k,19,16,86
DB Schenker,4.3,(575),2.3k,26,--,48
Levi Strauss & Co.,4.2,(575),2.1k,34,21,68
Infotact Solutions,4.4,(575),56,139,--,18
Larsen & Toubro Group,4.0,(574),1k,96,--,49
Navin Fluorine International,3.8,(573),2.7k,30,5,44
WPP Media,3.6,(573),4.2k,46,4,38
Kirloskar Pneumatic,4.0,(572),2.7k,40,1,43
AVEVA,4.0,(572),1.9k,31,64,306
"DATAMARK, Inc.",3.5,(572),1.7k,36,55,47
SoftAge Information Technology,3.6,(572),969,24,6,67
Solara Active Pharma Sciences,3.7,(572),2.8k,45,2,55
LendingKart,3.6,(572),2.7k,39,83,25
Harman Finochem,3.6,(572),3k,44,26,36
Innovaccer,2.7,(571),3.7k,99,17,36
Haldiram Snacks,3.8,(570),1.9k,24,11,2
MITS Global Consulting,4.5,(570),935,45,--,107
Hitachi Systems,4.0,(570),3.1k,20,6,5
Renault,3.9,(570),1.9k,34,--,50
Carlsberg,3.9,(568),1.9k,39,18,61
Micromax Informatics,3.9,(567),1.3k,23,--,95
My Home Constructions,4.3,(567),2.3k,35,7,35
Macawber Beekay,4.2,(567),1.7k,27,21,62
Virtual Employee,3.2,(567),3.2k,54,--,55
L & W Constructions,4.0,(566),1.8k,29,2,45
The Times of India,3.6,(566),2.9k,47,1,55
Amara Raja Infra,4.0,(568),1.7k,60,--,20
Craftsman Automation,3.7,(565),2.4k,24,--,58
Allianz Partners,3.7,(565),2.7k,40,--,36
Allianz Partners,3.7,(565),2.7k,40,--,36
United Spirits,4.0,(564),1.5k,15,5,69
Kellogg Brown and Root,4.1,(564),2.4k,42,81,54
Innominds Software,3.2,(565),4.7k,49,92,31
MUTHOOT HOMEFIN (I) LTD.,3.8,(565),1.5k,34,10,16
Toothsi,2.7,(564),2.2k,67,--,21
Vimta Labs,3.4,(563),2.2k,43,6,59
Roop Polymers,4.0,(563),1.9k,33,17,43
Sulzer,3.9,(563),2.8k,36,5,64
Saksoft,3.4,(563),3.6k,51,5,24
Bharat Fritz Werner,3.9,(563),2.5k,33,14,49
Indecomm Global Services,4.1,(562),2.6k,30,13,49
Practo,2.9,(562),3.1k,83,15,63
Artemis Hospitals,4.1,(562),1.6k,20,11,50
BLK Super Speciality Hospital,3.9,(561),1.5k,36,--,39
Herbalife International,4.0,(561),2.7k,31,4,47
Unimoni,3.9,(560),2k,19,--,26
RAK Ceramics,3.7,(560),1.7k,35,8,52
Regalix,2.7,(560),2.9k,59,62,48
Innovatiview India Ltd,4.2,(560),1.4k,82,39,33
